/*
 * The List Shop
 *
 * Copyright (c) 2022.
 *
 */

insert into public.users (user_id, email, enabled, last_password_reset_date, password, username, creation_date,
                          last_login)
values (1, 'rufus', true, null, '$2a$08$lDnHPz7eUkSi6ao14Twuau08mzhWrL4kyZGGU5xfiGALO/Vxd5DOi', 'rufus', null, null),
       (20, 'me', true, null, '$2a$08$lDnHPz7eUkSi6ao14Twuau08mzhWrL4kyZGGU5xfiGALO/Vxd5DOi', 'me', null, null),
       (23, 'carrie', true, null, '$2a$08$lDnHPz7eUkSi6ao14Twuau08mzhWrL4kyZGGU5xfiGALO/Vxd5DOi', 'carrie', null, null),
       (26, 'mom@test.com', true, null, '$2a$10$RFahccrkDPR1aUHfyS457Oc7n.2f7wU/sDUXQ.99wOvNL3xzaiPxK', 'mom@test.com', null, null),
       (29, 'michelle', true, null, '$2a$08$lDnHPz7eUkSi6ao14Twuau08mzhWrL4kyZGGU5xfiGALO/Vxd5DOi', 'michelle', null,
        null),
       (2, 'testname', null, null, 'password', 'testname', null, null),
       (500, 'testuser@testuser.com', true, null, '$2a$10$RFahccrkDPR1aUHfyS457Oc7n.2f7wU/sDUXQ.99wOvNL3xzaiPxK', 'testuser', null, null),
       (501, 'adduser', true, null, 'password', 'adduser', null, null),
       (502, 'deleteuser', true, null, 'password', 'deleteuser', null, null);

insert into public.authority (authority_id, name, user_id)
values (1, 'ROLE_USER', 1),
       (2, 'ROLE_USER', 20),
       (3, 'ROLE_USER', 23),
       (4, 'ROLE_USER', 26),
       (5, 'ROLE_USER', 500),
       (6, 'ROLE_USER', 29);

insert into public.tag (tag_id, description, name, tag_type, tag_type_default, assign_select, search_select,
                        is_verified, power, to_delete, replacement_tag_id, created_on, updated_on, category_updated_on,
                        removed_on)
values (1154, 'are cute', 'baby rutabegas', 'Ingredient', null, true, false, null, null, false, null,
        '2021-04-11 09:47:21.046000', null, null, null),
       (346, null, 'Meat', 'TagType', null, true, true, null, null, false, null, '2021-04-11 04:00:31.481360', null,
        null, null),
       (1, null, 'green chili - preprepared', 'Ingredient', null, true, false, null, null, false, null,
        '2021-04-11 09:45:31.481360', null, null, null),
       (2, 'dd', 'cheap 5', 'Rating', null, true, false, null, 5, false, null, '2021-04-11 09:44:31.481360', null, null,
        null),
       (3, null, 'salt and pepper shaker', 'NonEdible', null, true, false, null, null, false, null,
        '2021-04-11 09:43:31.481360', null, null, null),
       (4, null, 'prepared pie crust', 'Ingredient', null, true, false, null, null, false, null,
        '2021-04-11 09:42:31.481360', null, null, null),
       (5, null, 'big envelopes', 'NonEdible', null, true, false, null, null, false, null, '2021-04-11 09:41:31.481360',
        null, null, null),
       (6, null, 'duck', 'Ingredient', null, true, true, null, null, false, null, '2021-04-11 09:40:31.481360', null,
        null, null),
       (7, null, 'Finger Food', 'TagType', null, true, true, null, null, false, null, '2021-04-11 09:39:31.481360',
        null, null, null),
       (8, null, 'Skillet Dish', 'TagType', null, true, false, null, null, false, null, '2021-04-11 09:38:31.481360',
        null, null, null),
       (9, null, 'Mutton', 'Ingredient', null, false, true, null, null, false, null, '2021-04-11 09:37:31.481360', null,
        null, null),
       (10, null, 'delete', 'Ingredient', null, true, true, null, null, false, null, '2021-04-11 09:36:31.481360', null,
        null, null),
       (11, null, 'Mexican', 'TagType', null, true, false, null, null, false, null, '2021-04-11 09:35:31.481360', null,
        null, null),
       (12, null, 'applesauce', 'Ingredient', null, true, true, null, null, false, null, '2021-04-11 09:34:31.481360',
        null, null, null),
       (13, null, 'rice', 'Ingredient', null, true, true, null, null, false, null, '2021-04-11 09:33:31.481360', null,
        null, null),
       (15, null, 'celery', 'Ingredient', null, true, true, null, null, false, null, '2021-04-11 09:31:31.481360', null,
        null, null),
       (16, null, 'onion', 'Ingredient', null, true, true, null, null, false, null, '2021-04-11 09:30:31.481360', null,
        null, null),
       (17, null, 'vegetable soup', 'Ingredient', null, true, true, null, null, false, null,
        '2021-04-11 09:29:31.481360', null, null, null),
       (18, null, 'cheddar cheese', 'Ingredient', null, true, true, null, null, false, null,
        '2021-04-11 09:28:31.481360', null, null, null),
       (19, null, 'garlic', 'Ingredient', null, true, true, null, null, false, null, '2021-04-11 09:27:31.481360', null,
        null, null),
       (20, null, 'cream', 'Ingredient', null, true, true, null, null, false, null, '2021-04-11 09:26:31.481360', null,
        null, null),
       (21, null, 'broccoli', 'Ingredient', null, true, true, null, null, false, null, '2021-04-11 09:25:31.481360',
        null, null, null),
       (22, null, 'artichoke hearts', 'Ingredient', null, true, true, null, null, false, null,
        '2021-04-11 09:24:31.481360', null, null, null),
       (23, null, 'white wine', 'Ingredient', null, true, true, null, null, false, null, '2021-04-11 09:23:31.481360',
        null, null, null),
       (24, null, 'Pasta', 'TagType', null, true, true, null, null, false, null, '2021-04-11 09:22:31.481360', null,
        null, null),
       (25, null, 'canned corn', 'Ingredient', null, true, true, null, null, false, null, '2021-04-11 09:21:31.481360',
        null, null, null),
       (26, null, 'dry red beans', 'Ingredient', null, true, true, null, null, false, null,
        '2021-04-11 09:20:31.481360', null, null, null),
       (27, null, 'prosciutto', 'Ingredient', null, true, true, null, null, false, null, '2021-04-11 09:19:31.481360',
        null, null, null),
       (28, null, 'ham hock', 'Ingredient', null, true, true, null, null, false, null, '2021-04-11 09:18:31.481360',
        null, null, null),
       (29, null, 'tabasco', 'Ingredient', null, true, true, null, null, false, null, '2021-04-11 09:17:31.481360',
        null, null, null),
       (30, null, 'ground lamb', 'Ingredient', null, true, true, null, null, false, null, '2021-04-11 09:16:31.481360',
        null, null, null),
       (31, null, 'cordon blue', 'Ingredient', null, true, true, null, null, false, null, '2021-04-11 09:15:31.481360',
        null, null, null),
       (32, null, 'lettuce', 'Ingredient', null, true, true, null, null, false, null, '2021-04-11 09:14:31.481360',
        null, null, null),
       (33, null, 'tomatoes', 'Ingredient', null, true, true, null, null, false, null, '2021-04-11 09:13:31.481360',
        null, null, null),
       (34, null, 'cucumber', 'Ingredient', null, true, true, null, null, false, null, '2021-04-11 09:12:31.481360',
        null, null, null),
       (35, null, 'Cultural Roots', 'TagType', null, false, false, null, null, false, null,
        '2021-04-11 09:11:31.481360', null, null, null),
       (36, null, 'feta cheese', 'Ingredient', null, true, true, null, null, false, null, '2021-04-11 09:10:31.481360',
        null, null, null),
       (37, null, 'feta cheese', 'Ingredient', null, true, true, null, null, false, null, '2021-04-11 09:09:31.481360',
        null, null, null),
       (38, null, 'salmon', 'Ingredient', null, true, true, null, null, false, null, '2021-04-11 09:08:31.481360', null,
        null, null),
       (39, null, 'delete', 'Ingredient', null, true, true, null, null, false, null, '2021-04-11 09:07:31.481360', null,
        null, null),
       (40, null, 'delete', 'Ingredient', null, true, true, null, null, false, null, '2021-04-11 09:06:31.481360', null,
        null, null),
       (41, null, 'peanuts', 'Ingredient', null, true, true, null, null, false, null, '2021-04-11 09:05:31.481360',
        null, null, null),
       (42, null, 'jelly', 'Ingredient', null, true, true, null, null, false, null, '2021-04-11 09:04:31.481360', null,
        null, null),
       (44, null, 'bread', 'Ingredient', null, true, true, null, null, false, null, '2021-04-11 09:02:31.481360', null,
        null, null),
       (45, null, 'oranges', 'Ingredient', null, true, true, null, null, false, null, '2021-04-11 09:01:31.481360',
        null, null, null),
       (46, null, 'cod', 'Ingredient', null, true, true, null, null, false, null, '2021-04-11 09:00:31.481360', null,
        null, null),
       (47, null, 'cayenne pepper', 'Ingredient', null, true, true, null, null, false, null,
        '2021-04-11 08:59:31.481360', null, null, null),
       (48, null, 'chives', 'Ingredient', null, true, true, null, null, false, null, '2021-04-11 08:58:31.481360', null,
        null, null),
       (49, null, 'risotto rice', 'Ingredient', null, true, true, null, null, false, null, '2021-04-11 08:57:31.481360',
        null, null, null),
       (50, null, 'saffron', 'Ingredient', null, true, true, null, null, false, null, '2021-04-11 08:56:31.481360',
        null, null, null),
       (51, null, 'mascarpone', 'Ingredient', null, true, true, null, null, false, null, '2021-04-11 08:55:31.481360',
        null, null, null),
       (52, null, 'tarragon', 'Ingredient', null, true, true, null, null, false, null, '2021-04-11 08:54:31.481360',
        null, null, null),
       (53, null, 'snow peas', 'Ingredient', null, true, true, null, null, false, null, '2021-04-11 08:53:31.481360',
        null, null, null),
       (54, null, 'caraway seeds', 'Ingredient', null, true, true, null, null, false, null,
        '2021-04-11 08:52:31.481360', null, null, null),
       (55, null, 'shallot', 'Ingredient', null, true, true, null, null, false, null, '2021-04-11 08:51:31.481360',
        null, null, null),
       (56, null, 'leek', 'Ingredient', null, true, true, null, null, false, null, '2021-04-11 08:50:31.481360', null,
        null, null),
       (57, null, 'bay leaf', 'Ingredient', null, true, true, null, null, false, null, '2021-04-11 08:49:31.481360',
        null, null, null),
       (58, null, 'fresh thyme', 'Ingredient', null, true, true, null, null, false, null, '2021-04-11 08:48:31.481360',
        null, null, null),
       (59, null, 'red potatoes', 'Ingredient', null, true, true, null, null, false, null, '2021-04-11 08:47:31.481360',
        null, null, null),
       (60, null, 'spinach', 'Ingredient', null, true, true, null, null, false, null, '2021-04-11 08:46:31.481360',
        null, null, null),
       (61, null, 'egg noodles', 'Ingredient', null, true, true, null, null, false, null, '2021-04-11 08:45:31.481360',
        null, null, null),
       (62, null, 'bread crumbs', 'Ingredient', null, true, true, null, null, false, null, '2021-04-11 08:44:31.481360',
        null, null, null),
       (63, null, 'sponge', 'NonEdible', null, true, false, null, null, false, null, '2021-04-11 08:43:31.481360', null,
        null, null),
       (64, null, 'cheap 4', 'Rating', null, true, true, null, 4, false, null, '2021-04-11 08:42:31.481360', null, null,
        null),
       (65, null, 'apples', 'Ingredient', null, true, true, null, null, false, null, '2021-04-11 08:41:31.481360', null,
        null, null),
       (66, null, 'muesli', 'Ingredient', null, true, true, null, null, false, null, '2021-04-11 08:40:31.481360', null,
        null, null),
       (67, null, 'milk', 'Ingredient', null, true, true, null, null, false, null, '2021-04-11 08:39:31.481360', null,
        null, null),
       (68, null, 'yogurt', 'Ingredient', null, true, true, null, null, false, null, '2021-04-11 08:38:31.481360', null,
        null, null),
       (69, null, 'eggs', 'Ingredient', null, true, true, null, null, false, null, '2021-04-11 08:37:31.481360', null,
        null, null),
       (70, null, 'creme fraiche', 'Ingredient', null, true, true, null, null, false, null,
        '2021-04-11 08:36:31.481360', null, null, null),
       (71, null, 'grated swiss cheese', 'Ingredient', null, true, true, null, null, false, null,
        '2021-04-11 08:35:31.481360', null, null, null),
       (43, 'be be be be begas', 'rutaruta', 'Ingredient', null, true, true, null, null, false, null,
        '2021-04-11 09:03:31.481360', '2021-04-11 09:46:47.518000', null, null),
       (72, null, 'pie crust', 'Ingredient', null, true, true, null, null, false, null, '2021-04-11 08:34:31.481360',
        null, null, null),
       (73, null, 'lardons', 'Ingredient', null, true, true, null, null, false, null, '2021-04-11 08:33:31.481360',
        null, null, null),
       (74, null, 'lardons', 'Ingredient', null, true, true, null, null, false, null, '2021-04-11 08:32:31.481360',
        null, null, null),
       (75, null, 'cucumbers', 'Ingredient', null, true, true, null, null, false, null, '2021-04-11 08:31:31.481360',
        null, null, null),
       (76, null, 'red pepper', 'Ingredient', null, true, true, null, null, false, null, '2021-04-11 08:30:31.481360',
        null, null, null),
       (77, null, 'white vinegar', 'Ingredient', null, true, true, null, null, false, null,
        '2021-04-11 08:29:31.481360', null, null, null),
       (78, null, 'red lentils', 'Ingredient', null, true, true, null, null, false, null, '2021-04-11 08:28:31.481360',
        null, null, null),
       (79, null, 'baking soda', 'Ingredient', null, true, true, null, null, false, null, '2021-04-11 08:27:31.481360',
        null, null, null),
       (80, null, 'chocolate chips', 'Ingredient', null, true, true, null, null, false, null,
        '2021-04-11 08:26:31.481360', null, null, null),
       (81, null, 'carrots', 'Ingredient', null, true, true, null, null, false, null, '2021-04-11 08:25:31.481360',
        null, null, null),
       (82, null, 'dry black beans', 'Ingredient', null, true, true, null, null, false, null,
        '2021-04-11 08:24:31.481360', null, null, null),
       (83, null, 'delete', 'Ingredient', null, true, true, null, null, false, null, '2021-04-11 08:23:31.481360', null,
        null, null),
       (84, null, 'yeast', 'Ingredient', null, true, true, null, null, false, null, '2021-04-11 08:22:31.481360', null,
        null, null),
       (85, null, 'salt and pepper', 'Ingredient', null, true, false, null, null, false, null,
        '2021-04-11 08:21:31.481360', null, null, null),
       (86, null, 'unused', 'TagType', null, true, false, null, null, false, null, '2021-04-11 08:20:31.481360', null,
        null, null),
       (87, null, 'Occasions', 'TagType', null, false, false, null, null, false, null, '2021-04-11 08:19:31.481360',
        null, null, null),
       (88, null, 'Prepared Meats', 'Ingredient', null, false, true, null, null, false, null,
        '2021-04-11 08:18:31.481360', null, null, null),
       (89, null, 'merguez', 'Ingredient', null, true, true, null, null, false, null, '2021-04-11 08:17:31.481360',
        null, null, null),
       (90, null, 'frozen hamburgers', 'Ingredient', null, true, true, null, null, false, null,
        '2021-04-11 08:16:31.481360', null, null, null),
       (91, null, 'tortellini', 'Ingredient', null, true, true, null, null, false, null, '2021-04-11 08:15:31.481360',
        null, null, null),
       (92, null, 'pesto pasta sauce', 'Ingredient', null, true, true, null, null, false, null,
        '2021-04-11 08:14:31.481360', null, null, null),
       (93, null, 'saram wrap', 'NonEdible', null, true, true, null, null, false, null, '2021-04-11 08:13:31.481360',
        null, null, null),
       (94, null, 'dry cat food', 'NonEdible', null, true, true, null, null, false, null, '2021-04-11 08:12:31.481360',
        null, null, null),
       (95, null, 'crackers', 'Ingredient', null, true, true, null, null, false, null, '2021-04-11 08:11:31.481360',
        null, null, null),
       (96, null, 'brown cookies', 'Ingredient', null, true, true, null, null, false, null,
        '2021-04-11 08:10:31.481360', null, null, null),
       (97, null, 'pears', 'Ingredient', null, true, true, null, null, false, null, '2021-04-11 08:09:31.481360', null,
        null, null),
       (98, null, 'grapefruit', 'Ingredient', null, true, true, null, null, false, null, '2021-04-11 08:08:31.481360',
        null, null, null),
       (99, null, 'kalamata olives', 'Ingredient', null, true, true, null, null, false, null,
        '2021-04-11 08:07:31.481360', null, null, null),
       (100, null, 'plum tomato', 'Ingredient', null, true, true, null, null, false, null, '2021-04-11 08:06:31.481360',
        null, null, null),
       (101, null, 'fresh basil', 'Ingredient', null, true, true, null, null, false, null, '2021-04-11 08:05:31.481360',
        null, null, null),
       (102, null, 'capers', 'Ingredient', null, true, true, null, null, false, null, '2021-04-11 08:04:31.481360',
        null, null, null),
       (103, null, 'orange zest', 'Ingredient', null, true, true, null, null, false, null, '2021-04-11 08:03:31.481360',
        null, null, null),
       (104, null, 'lemon juice', 'Ingredient', null, true, true, null, null, false, null, '2021-04-11 08:02:31.481360',
        null, null, null),
       (105, null, 'fusilli', 'Ingredient', null, true, true, null, null, false, null, '2021-04-11 08:01:31.481360',
        null, null, null),
       (106, null, 'quail eggs', 'Ingredient', null, true, true, null, null, false, null, '2021-04-11 08:00:31.481360',
        null, null, null),
       (107, null, 'fresh dill', 'Ingredient', null, true, true, null, null, false, null, '2021-04-11 07:59:31.481360',
        null, null, null),
       (108, null, 'yellow bell pepper', 'Ingredient', null, true, true, null, null, false, null,
        '2021-04-11 07:58:31.481360', null, null, null),
       (109, null, 'asparagus', 'Ingredient', null, true, true, null, null, false, null, '2021-04-11 07:57:31.481360',
        null, null, null),
       (110, null, 'canned diced tomatoes', 'Ingredient', null, true, true, null, null, false, null,
        '2021-04-11 07:56:31.481360', null, null, null),
       (111, null, 'baby spinach', 'Ingredient', null, true, true, null, null, false, null,
        '2021-04-11 07:55:31.481360', null, null, null),
       (112, null, 'garam masala', 'Ingredient', null, true, true, null, null, false, null,
        '2021-04-11 07:54:31.481360', null, null, null),
       (113, null, 'canned chickpeas', 'Ingredient', null, true, true, null, null, false, null,
        '2021-04-11 07:53:31.481360', null, null, null),
       (114, null, 'couscous', 'Ingredient', null, true, true, null, null, false, null, '2021-04-11 07:52:31.481360',
        null, null, null),
       (115, null, 'rotisserie chicken', 'Ingredient', null, true, true, null, null, false, null,
        '2021-04-11 07:51:31.481360', null, null, null),
       (116, null, 'butternut squash', 'Ingredient', null, true, true, null, null, false, null,
        '2021-04-11 07:50:31.481360', null, null, null),
       (117, null, 'campanelle', 'Ingredient', null, true, true, null, null, false, null, '2021-04-11 07:49:31.481360',
        null, null, null),
       (118, null, 'leeks', 'Ingredient', null, true, true, null, null, false, null, '2021-04-11 07:48:31.481360', null,
        null, null),
       (119, null, 'fresh oregano', 'Ingredient', null, true, true, null, null, false, null,
        '2021-04-11 07:47:31.481360', null, null, null),
       (120, null, 'eggplant', 'Ingredient', null, true, true, null, null, false, null, '2021-04-11 07:46:31.481360',
        null, null, null),
       (121, null, 'penne', 'Ingredient', null, true, true, null, null, false, null, '2021-04-11 07:45:31.481360', null,
        null, null),
       (122, null, 'goat cheese', 'Ingredient', null, true, true, null, null, false, null, '2021-04-11 07:44:31.481360',
        null, null, null),
       (123, null, 'white rice', 'Ingredient', null, true, true, null, null, false, null, '2021-04-11 07:43:31.481360',
        null, null, null),
       (124, null, 'strip steaks', 'Ingredient', null, true, true, null, null, false, null,
        '2021-04-11 07:42:31.481360', null, null, null),
       (125, null, 'blue cheese', 'Ingredient', null, true, true, null, null, false, null, '2021-04-11 07:41:31.481360',
        null, null, null),
       (126, null, 'heavy cream', 'Ingredient', null, true, true, null, null, false, null, '2021-04-11 07:40:31.481360',
        null, null, null),
       (127, null, 'roasted red peppers', 'Ingredient', null, true, true, null, null, false, null,
        '2021-04-11 07:39:31.481360', null, null, null),
       (128, null, 'light brown sugar', 'Ingredient', null, true, true, null, null, false, null,
        '2021-04-11 07:38:31.481360', null, null, null),
       (129, null, 'mayonnaise', 'Ingredient', null, true, true, null, null, false, null, '2021-04-11 07:37:31.481360',
        null, null, null),
       (130, null, 'sun dried tomatoes', 'Ingredient', null, true, true, null, null, false, null,
        '2021-04-11 07:36:31.481360', null, null, null),
       (131, null, 'parmesan cheese', 'Ingredient', null, true, true, null, null, false, null,
        '2021-04-11 07:35:31.481360', null, null, null),
       (132, null, 'pine nuts', 'Ingredient', null, true, true, null, null, false, null, '2021-04-11 07:34:31.481360',
        null, null, null),
       (133, null, 'balsamic vinegar', 'Ingredient', null, true, true, null, null, false, null,
        '2021-04-11 07:33:31.481360', null, null, null),
       (134, null, 'farfalle', 'Ingredient', null, true, true, null, null, false, null, '2021-04-11 07:32:31.481360',
        null, null, null),
       (135, null, 'arugula', 'Ingredient', null, true, true, null, null, false, null, '2021-04-11 07:31:31.481360',
        null, null, null),
       (136, null, 'salami', 'Ingredient', null, true, false, null, null, false, null, '2021-04-11 07:30:31.481360',
        null, null, null),
       (137, null, 'granola bars', 'Ingredient', null, true, false, null, null, false, null,
        '2021-04-11 07:29:31.481360', null, null, null),
       (138, null, 'brioche', 'Ingredient', null, true, true, null, null, false, null, '2021-04-11 07:28:31.481360',
        null, null, null),
       (139, null, 'nutella', 'Ingredient', null, true, true, null, null, false, null, '2021-04-11 07:27:31.481360',
        null, null, null),
       (140, null, 'compote', 'Ingredient', null, true, true, null, null, false, null, '2021-04-11 07:26:31.481360',
        null, null, null),
       (141, null, 'toothpaste', 'NonEdible', null, true, true, null, null, false, null, '2021-04-11 07:25:31.481360',
        null, null, null),
       (142, null, 'Good For Picnics', 'TagType', null, true, true, null, null, false, null,
        '2021-04-11 07:24:31.481360', null, null, null),
       (143, null, 'Low Fat', 'TagType', null, true, true, null, null, false, null, '2021-04-11 07:23:31.481360', null,
        null, null),
       (144, null, 'window cleaner', 'NonEdible', null, true, true, null, null, false, null,
        '2021-04-11 07:22:31.481360', null, null, null),
       (145, null, 'mopping fluid', 'NonEdible', null, true, true, null, null, false, null,
        '2021-04-11 07:21:31.481360', null, null, null),
       (146, null, 'soft butter', 'Ingredient', null, true, true, null, null, false, null, '2021-04-11 07:20:31.481360',
        null, null, null),
       (147, null, 'english muffins', 'Ingredient', null, true, true, null, null, false, null,
        '2021-04-11 07:19:31.481360', null, null, null),
       (148, null, 'coffee filters', 'NonEdible', null, true, true, null, null, false, null,
        '2021-04-11 07:18:31.481360', null, null, null),
       (149, null, 'page protectors', 'NonEdible', null, true, true, null, null, false, null,
        '2021-04-11 07:17:31.481360', null, null, null),
       (150, null, 'blue pen', 'NonEdible', null, true, true, null, null, false, null, '2021-04-11 07:16:31.481360',
        null, null, null),
       (151, null, 'clementines', 'Ingredient', null, true, true, null, null, false, null, '2021-04-11 07:15:31.481360',
        null, null, null),
       (152, null, 'Low Carbohydrates', 'TagType', null, true, true, null, null, false, null,
        '2021-04-11 07:14:31.481360', null, null, null),
       (153, null, 'Low Salt', 'TagType', null, true, true, null, null, false, null, '2021-04-11 07:13:31.481360', null,
        null, null),
       (154, null, 'Low Calorie', 'TagType', null, true, true, null, null, false, null, '2021-04-11 07:12:31.481360',
        null, null, null),
       (155, 'dd', 'unused', 'TagType', null, true, true, null, null, false, null, '2021-04-11 07:11:31.481360', null,
        null, null),
       (156, null, 'Low Glycemic Index', 'TagType', null, true, true, null, null, false, null,
        '2021-04-11 07:10:31.481360', null, null, null),
       (158, null, 'notused1', 'Ingredient', null, true, true, null, null, false, null, '2021-04-11 07:08:31.481360',
        null, null, null),
       (159, null, 'gizzards', 'Ingredient', null, true, true, null, null, false, null, '2021-04-11 07:07:31.481360',
        null, null, null),
       (160, null, 'Quick To Prepare', 'Rating', null, false, false, null, null, false, null,
        '2021-04-11 07:06:31.481360', null, null, null),
       (161, null, 'shell pasta', 'Ingredient', null, true, true, null, null, false, null, '2021-04-11 07:05:31.481360',
        null, null, null),
       (162, null, 'sliced ham', 'Ingredient', null, true, true, null, null, false, null, '2021-04-11 07:04:31.481360',
        null, null, null),
       (163, null, 'light cream', 'Ingredient', null, true, true, null, null, false, null, '2021-04-11 07:03:31.481360',
        null, null, null),
       (164, null, 'canned white kidney beans', 'Ingredient', null, true, true, null, null, false, null,
        '2021-04-11 07:02:31.481360', null, null, null),
       (165, null, 'beef stock', 'Ingredient', null, true, true, null, null, false, null, '2021-04-11 07:01:31.481360',
        null, null, null),
       (166, null, 'spaghetti sauce', 'Ingredient', null, true, true, null, null, false, null,
        '2021-04-11 07:00:31.481360', null, null, null),
       (167, null, 'sweet potatoes', 'Ingredient', null, true, true, null, null, false, null,
        '2021-04-11 06:59:31.481360', null, null, null),
       (168, null, 'paprika', 'Ingredient', null, true, true, null, null, false, null, '2021-04-11 06:58:31.481360',
        null, null, null),
       (169, null, 'mustard powder', 'Ingredient', null, true, true, null, null, false, null,
        '2021-04-11 06:57:31.481360', null, null, null),
       (170, null, 'whipping cream', 'Ingredient', null, true, true, null, null, false, null,
        '2021-04-11 06:56:31.481360', null, null, null),
       (171, null, 'white pepper', 'Ingredient', null, true, true, null, null, false, null,
        '2021-04-11 06:55:31.481360', null, null, null),
       (172, null, 'walnuts', 'Ingredient', null, true, true, null, null, false, null, '2021-04-11 06:54:31.481360',
        null, null, null),
       (173, null, 'poulty seasoning', 'Ingredient', null, true, true, null, null, false, null,
        '2021-04-11 06:53:31.481360', null, null, null),
       (174, null, 'star spice', 'Ingredient', null, true, true, null, null, false, null, '2021-04-11 06:52:31.481360',
        null, null, null),
       (175, null, 'marshmallows', 'Ingredient', null, true, true, null, null, false, null,
        '2021-04-11 06:51:31.481360', null, null, null),
       (176, null, 'baking chocolate', 'Ingredient', null, true, true, null, null, false, null,
        '2021-04-11 06:50:31.481360', null, null, null),
       (177, null, 'powdered cocoa', 'Ingredient', null, true, true, null, null, false, null,
        '2021-04-11 06:49:31.481360', null, null, null),
       (178, null, 'confectioners sugar', 'Ingredient', null, true, true, null, null, false, null,
        '2021-04-11 06:48:31.481360', null, null, null),
       (179, null, 'corn syrup', 'Ingredient', null, true, true, null, null, false, null, '2021-04-11 06:47:31.481360',
        null, null, null),
       (180, null, 'oven cleaner', 'NonEdible', null, true, true, null, null, false, null, '2021-04-11 06:46:31.481360',
        null, null, null),
       (181, null, 'white sugar', 'Ingredient', null, true, true, null, null, false, null, '2021-04-11 06:45:31.481360',
        null, null, null),
       (182, null, 'vanilla extract', 'Ingredient', null, true, true, null, null, false, null,
        '2021-04-11 06:44:31.481360', null, null, null),
       (183, null, 'salsa', 'Ingredient', null, true, true, null, null, false, null, '2021-04-11 06:43:31.481360', null,
        null, null),
       (184, null, 'chili powder', 'Ingredient', null, true, true, null, null, false, null,
        '2021-04-11 06:42:31.481360', null, null, null),
       (185, null, 'oregano', 'Ingredient', null, true, true, null, null, false, null, '2021-04-11 06:41:31.481360',
        null, null, null),
       (186, null, 'vegetable stock', 'Ingredient', null, true, true, null, null, false, null,
        '2021-04-11 06:40:31.481360', null, null, null),
       (187, null, 'green bell pepper', 'Ingredient', null, true, true, null, null, false, null,
        '2021-04-11 06:39:31.481360', null, null, null),
       (188, null, 'canned kidney beans', 'Ingredient', null, true, true, null, null, false, null,
        '2021-04-11 06:38:31.481360', null, null, null),
       (189, null, 'canned black beans', 'Ingredient', null, true, true, null, null, false, null,
        '2021-04-11 06:37:31.481360', null, null, null),
       (190, null, 'canned tomato sauce', 'Ingredient', null, true, true, null, null, false, null,
        '2021-04-11 06:36:31.481360', null, null, null),
       (191, null, 'pumpkin puree', 'Ingredient', null, true, true, null, null, false, null,
        '2021-04-11 06:35:31.481360', null, null, null),
       (192, null, 'nutmeg', 'Ingredient', null, true, true, null, null, false, null, '2021-04-11 06:34:31.481360',
        null, null, null),
       (193, null, 'ground cloves', 'Ingredient', null, true, true, null, null, false, null,
        '2021-04-11 06:33:31.481360', null, null, null),
       (194, null, 'ground ginger', 'Ingredient', null, true, true, null, null, false, null,
        '2021-04-11 06:32:31.481360', null, null, null),
       (195, null, 'sandwich bags', 'NonEdible', null, true, false, null, null, false, null,
        '2021-04-11 06:31:31.481360', null, null, null),
       (196, null, 'loose tea', 'Ingredient', null, true, false, null, null, false, null, '2021-04-11 06:30:31.481360',
        null, null, null),
       (198, null, 'corn tortillas', 'Ingredient', null, true, false, null, null, false, null,
        '2021-04-11 06:28:31.481360', null, null, null),
       (199, null, 'Vegetarian', 'TagType', null, true, true, null, null, false, null, '2021-04-11 06:27:31.481360',
        null, null, null),
       (200, null, 'arrugula', 'Ingredient', null, true, true, null, null, false, null, '2021-04-11 06:26:31.481360',
        null, null, null),
       (201, null, 'gnocchi', 'Ingredient', null, true, true, null, null, false, null, '2021-04-11 06:25:31.481360',
        null, null, null),
       (202, null, 'gorgonzola', 'Ingredient', null, true, true, null, null, false, null, '2021-04-11 06:24:31.481360',
        null, null, null),
       (203, null, 'sour cream', 'Ingredient', null, true, true, null, null, false, null, '2021-04-11 06:23:31.481360',
        null, null, null),
       (204, null, 'Fish', 'TagType', null, true, true, null, null, false, null, '2021-04-11 06:22:31.481360', null,
        null, null),
       (205, null, 'potato chips', 'Ingredient', null, true, true, null, null, false, null,
        '2021-04-11 06:21:31.481360', null, null, null),
       (206, null, 'white bread', 'Ingredient', null, true, true, null, null, false, null, '2021-04-11 06:20:31.481360',
        null, null, null),
       (207, null, 'dill', 'Ingredient', null, true, true, null, null, false, null, '2021-04-11 06:19:31.481360', null,
        null, null),
       (208, null, 'lemon zest', 'Ingredient', null, true, true, null, null, false, null, '2021-04-11 06:18:31.481360',
        null, null, null),
       (209, null, 'canned garbanzo beans', 'Ingredient', null, true, true, null, null, false, null,
        '2021-04-11 06:17:31.481360', null, null, null),
       (210, null, 'canned tuna', 'Ingredient', null, true, true, null, null, false, null, '2021-04-11 06:16:31.481360',
        null, null, null),
       (211, null, 'scallion', 'Ingredient', null, true, true, null, null, false, null, '2021-04-11 06:15:31.481360',
        null, null, null),
       (212, null, 'fresh ginger', 'Ingredient', null, true, true, null, null, false, null,
        '2021-04-11 06:14:31.481360', null, null, null),
       (213, null, 'cranberries', 'Ingredient', null, true, true, null, null, false, null, '2021-04-11 06:13:31.481360',
        null, null, null),
       (214, null, 'kids shampoo', 'NonEdible', null, true, true, null, null, false, null, '2021-04-11 06:12:31.481360',
        null, null, null),
       (215, null, 'light bulb', 'NonEdible', null, true, false, null, null, false, null, '2021-04-11 06:11:31.481360',
        null, null, null),
       (217, null, 'canned sprouts', 'Ingredient', null, true, false, null, null, false, null,
        '2021-04-11 06:09:31.481360', null, null, null),
       (218, null, 'Quick To Prepare 3', 'Rating', null, true, true, null, 3.1, false, null,
        '2021-04-11 06:08:31.481360', null, null, null),
       (219, null, 'Quick To Prepare 2', 'Rating', null, true, true, null, 2.1, false, null,
        '2021-04-11 06:07:31.481360', null, null, null),
       (220, null, 'friday snack', 'Ingredient', null, true, true, null, null, false, null,
        '2021-04-11 06:06:31.481360', null, null, null),
       (221, null, 'diet coke', 'Ingredient', null, true, true, null, null, false, null, '2021-04-11 06:05:31.481360',
        null, null, null),
       (222, null, 'napkins', 'NonEdible', null, true, true, null, null, false, null, '2021-04-11 06:04:31.481360',
        null, null, null),
       (223, null, 'cat food', 'NonEdible', null, true, true, null, null, false, null, '2021-04-11 06:03:31.481360',
        null, null, null),
       (224, null, 'dog food', 'NonEdible', null, true, true, null, null, false, null, '2021-04-11 06:02:31.481360',
        null, null, null),
       (225, null, 'shampoo', 'NonEdible', null, true, true, null, null, false, null, '2021-04-11 06:01:31.481360',
        null, null, null),
       (226, null, 'shower soap', 'NonEdible', null, true, true, null, null, false, null, '2021-04-11 06:00:31.481360',
        null, null, null),
       (227, null, 'potatoes', 'Ingredient', null, true, true, null, null, false, null, '2021-04-11 05:59:31.481360',
        null, null, null),
       (228, null, 'smoked ham', 'Ingredient', null, true, true, null, null, false, null, '2021-04-11 05:58:31.481360',
        null, null, null),
       (229, null, 'pecans', 'Ingredient', null, true, true, null, null, false, null, '2021-04-11 05:57:31.481360',
        null, null, null),
       (230, null, 'kielbasa', 'Ingredient', null, true, true, null, null, false, null, '2021-04-11 05:56:31.481360',
        null, null, null),
       (231, null, 'canned whole tomatoes', 'Ingredient', null, true, true, null, null, false, null,
        '2021-04-11 05:55:31.481360', null, null, null),
       (232, null, 'cajun seasoning', 'Ingredient', null, true, true, null, null, false, null,
        '2021-04-11 05:54:31.481360', null, null, null),
       (233, null, 'ham steak', 'Ingredient', null, true, true, null, null, false, null, '2021-04-11 05:53:31.481360',
        null, null, null),
       (234, null, 'green split peas', 'Ingredient', null, true, true, null, null, false, null,
        '2021-04-11 05:52:31.481360', null, null, null),
       (235, null, 'kitty litter', 'NonEdible', null, true, true, null, null, false, null, '2021-04-11 05:51:31.481360',
        null, null, null),
       (236, null, 'toilet paper', 'NonEdible', null, true, true, null, null, false, null, '2021-04-11 05:50:31.481360',
        null, null, null),
       (237, null, 'peanut butter', 'Ingredient', null, true, true, null, null, false, null,
        '2021-04-11 05:49:31.481360', null, null, null),
       (238, null, 'tortillas', 'Ingredient', null, true, true, null, null, false, null, '2021-04-11 05:48:31.481360',
        null, null, null),
       (239, null, 'delete', 'Ingredient', null, true, true, null, null, false, null, '2021-04-11 05:47:31.481360',
        null, null, null),
       (240, null, 'delete', 'Ingredient', null, true, true, null, null, false, null, '2021-04-11 05:46:31.481360',
        null, null, null),
       (241, null, 'delete', 'Ingredient', null, true, true, null, null, false, null, '2021-04-11 05:45:31.481360',
        null, null, null),
       (242, null, 'ground coriander', 'Ingredient', null, true, true, null, null, false, null,
        '2021-04-11 05:44:31.481360', null, null, null),
       (243, null, 'ground cinnamon', 'Ingredient', null, true, true, null, null, false, null,
        '2021-04-11 05:43:31.481360', null, null, null),
       (244, null, 'Farro', 'Ingredient', null, true, true, null, null, false, null, '2021-04-11 05:42:31.481360', null,
        null, null),
       (245, null, 'frozen peas', 'Ingredient', null, true, true, null, null, false, null, '2021-04-11 05:41:31.481360',
        null, null, null),
       (247, null, 'fresh parsley', 'Ingredient', null, true, true, null, null, false, null,
        '2021-04-11 05:39:31.481360', null, null, null),
       (248, null, 'boursin cheese', 'Ingredient', null, true, true, null, null, false, null,
        '2021-04-11 05:38:31.481360', null, null, null),
       (249, null, 'fresh chives', 'Ingredient', null, true, true, null, null, false, null,
        '2021-04-11 05:37:31.481360', null, null, null),
       (250, null, 'white wine vinegar', 'Ingredient', null, true, true, null, null, false, null,
        '2021-04-11 05:36:31.481360', null, null, null),
       (251, null, 'stew meat', 'Ingredient', null, true, true, null, null, false, null, '2021-04-11 05:35:31.481360',
        null, null, null),
       (252, null, 'guiness beer', 'Ingredient', null, true, true, null, null, false, null,
        '2021-04-11 05:34:31.481360', null, null, null),
       (253, null, 'coffee', 'Ingredient', null, true, true, null, null, false, null, '2021-04-11 05:33:31.481360',
        null, null, null),
       (254, null, 'gum', 'NonEdible', null, true, true, null, null, false, null, '2021-04-11 05:32:31.481360', null,
        null, null),
       (348, null, 'butter', 'Ingredient', null, true, true, null, null, false, null, '2021-04-11 03:58:31.481360',
        null, null, null),
       (349, null, 'white mushrooms', 'Ingredient', null, true, true, null, null, false, null,
        '2021-04-11 03:57:31.481360', null, null, null),
       (350, null, 'flour', 'Ingredient', null, true, true, null, null, false, null, '2021-04-11 03:56:31.481360', null,
        null, null),
       (351, null, 'thyme', 'Ingredient', null, true, true, null, null, false, null, '2021-04-11 03:55:31.481360', null,
        null, null),
       (352, null, 'dijon mustard', 'Ingredient', null, true, true, null, null, false, null,
        '2021-04-11 03:54:31.481360', null, null, null),
       (353, null, 'diced canned tomatoes', 'Ingredient', null, true, true, null, null, false, null,
        '2021-04-11 03:53:31.481360', null, null, null),
       (354, null, 'parsley', 'Ingredient', null, true, true, null, null, false, null, '2021-04-11 03:52:31.481360',
        null, null, null),
       (355, null, 'red bell pepper', 'Ingredient', null, true, true, null, null, false, null,
        '2021-04-11 03:51:31.481360', null, null, null),
       (356, null, 'black pitted olives', 'Ingredient', null, true, true, null, null, false, null,
        '2021-04-11 03:50:31.481360', null, null, null),
       (357, null, 'lemon', 'Ingredient', null, true, true, null, null, false, null, '2021-04-11 03:49:31.481360', null,
        null, null),
       (358, null, 'cinnamon', 'Ingredient', null, true, true, null, null, false, null, '2021-04-11 03:48:31.481360',
        null, null, null),
       (359, null, 'honey', 'Ingredient', null, true, true, null, null, false, null, '2021-04-11 03:47:31.481360', null,
        null, null),
       (360, null, 'salt', 'Ingredient', null, true, true, null, null, false, null, '2021-04-11 03:46:31.481360', null,
        null, null),
       (361, null, 'brown sugar', 'Ingredient', null, true, true, null, null, false, null, '2021-04-11 03:45:31.481360',
        null, null, null),
       (362, 'lll', 'delete', 'Ingredient', null, false, false, null, null, false, null, '2021-04-11 03:44:31.481360',
        null, null, null),
       (363, null, 'Kids Like It 3', 'Rating', null, true, true, null, 3, false, null, '2021-04-11 03:43:31.481360',
        null, null, null),
       (364, null, 'Kids Like It 2', 'Rating', null, true, true, null, 2, false, null, '2021-04-11 03:42:31.481360',
        null, null, null),
       (365, null, 'Kids Like It 1', 'Rating', null, true, true, null, 1, false, null, '2021-04-11 03:41:31.481360',
        null, null, null),
       (366, 'ddd', 'delete', 'Ingredient', null, false, false, null, null, false, null, '2021-04-11 03:40:31.481360',
        null, null, null),
       (255, null, 'ground cumin', 'Ingredient', null, true, true, null, null, false, null,
        '2021-04-11 05:31:31.481360', null, null, null),
       (256, null, 'soy sauce', 'Ingredient', null, true, true, null, null, false, null, '2021-04-11 05:30:31.481360',
        null, null, null),
       (257, null, 'round steak', 'Ingredient', null, true, true, null, null, false, null, '2021-04-11 05:29:31.481360',
        null, null, null),
       (258, null, 'beef chuck roast', 'Ingredient', null, true, true, null, null, false, null,
        '2021-04-11 05:28:31.481360', null, null, null),
       (259, null, 'dried marjoram', 'Ingredient', null, true, true, null, null, false, null,
        '2021-04-11 05:27:31.481360', null, null, null),
       (260, null, 'black-eyed peas', 'Ingredient', null, true, true, null, null, false, null,
        '2021-04-11 05:26:31.481360', null, null, null),
       (261, null, 'red wine vinegar', 'Ingredient', null, true, true, null, null, false, null,
        '2021-04-11 05:25:31.481360', null, null, null),
       (262, null, 'fresh mint', 'Ingredient', null, true, true, null, null, false, null, '2021-04-11 05:24:31.481360',
        null, null, null),
       (263, null, 'pistachios', 'Ingredient', null, true, true, null, null, false, null, '2021-04-11 05:23:31.481360',
        null, null, null),
       (264, null, 'boxed gravy', 'Ingredient', null, true, true, null, null, false, null, '2021-04-11 05:22:31.481360',
        null, null, null),
       (265, null, 'trash bags', 'NonEdible', null, true, true, null, null, false, null, '2021-04-11 05:21:31.481360',
        null, null, null),
       (266, null, 'delete', 'Ingredient', null, true, true, null, null, false, null, '2021-04-11 05:20:31.481360',
        null, null, null),
       (267, null, 'Christmas', 'TagType', null, true, true, null, null, false, null, '2021-04-11 05:19:31.481360',
        null, null, null),
       (268, null, 'Thanksgiving', 'TagType', null, true, true, null, null, false, null, '2021-04-11 05:18:31.481360',
        null, null, null),
       (269, null, 'sliced sausage', 'Ingredient', null, true, true, null, null, false, null,
        '2021-04-11 05:17:31.481360', null, null, null),
       (270, null, 'dish soap', 'NonEdible', null, true, true, null, null, false, null, '2021-04-11 05:16:31.481360',
        null, null, null),
       (271, null, 'allspice', 'Ingredient', null, true, true, null, null, false, null, '2021-04-11 05:15:31.481360',
        null, null, null),
       (272, null, 'whole cloves', 'Ingredient', null, true, true, null, null, false, null,
        '2021-04-11 05:14:31.481360', null, null, null),
       (273, null, 'cider', 'Ingredient', null, true, true, null, null, false, null, '2021-04-11 05:13:31.481360', null,
        null, null),
       (274, null, 'unsweetened chocolate', 'Ingredient', null, true, true, null, null, false, null,
        '2021-04-11 05:12:31.481360', null, null, null),
       (275, null, 'bag for Christmas Hats', 'NonEdible', null, true, true, null, null, false, null,
        '2021-04-11 05:11:31.481360', null, null, null),
       (276, null, 'envelopes', 'NonEdible', null, true, true, null, null, false, null, '2021-04-11 05:10:31.481360',
        null, null, null),
       (277, null, 'romano cheese', 'Ingredient', null, true, true, null, null, false, null,
        '2021-04-11 05:09:31.481360', null, null, null),
       (278, null, 'sherry', 'Ingredient', null, true, true, null, null, false, null, '2021-04-11 05:08:31.481360',
        null, null, null),
       (279, null, 'gruyere cheese', 'Ingredient', null, true, true, null, null, false, null,
        '2021-04-11 05:07:31.481360', null, null, null),
       (280, null, 'radishes', 'Ingredient', null, true, false, null, null, false, null, '2021-04-11 05:06:31.481360',
        null, null, null),
       (281, null, 'sea salt', 'Ingredient', null, true, false, null, null, false, null, '2021-04-11 05:05:31.481360',
        null, null, null),
       (282, null, 'baguette', 'Ingredient', null, true, true, null, null, false, null, '2021-04-11 05:04:31.481360',
        null, null, null),
       (283, null, 'paper towels', 'NonEdible', null, true, true, null, null, false, null, '2021-04-11 05:03:31.481360',
        null, null, null),
       (284, null, 'jalapeno pepper', 'Ingredient', null, true, true, null, null, false, null,
        '2021-04-11 05:02:31.481360', null, null, null),
       (285, null, 'unsalted cashews', 'Ingredient', null, true, true, null, null, false, null,
        '2021-04-11 05:01:31.481360', null, null, null),
       (286, null, 'curry powder', 'Ingredient', null, true, true, null, null, false, null,
        '2021-04-11 05:00:31.481360', null, null, null),
       (287, null, 'fresh cilantro', 'Ingredient', null, true, true, null, null, false, null,
        '2021-04-11 04:59:31.481360', null, null, null),
       (288, null, 'fresh tarragon', 'Ingredient', null, true, true, null, null, false, null,
        '2021-04-11 04:58:31.481360', null, null, null),
       (289, null, 'turnips', 'Ingredient', null, true, true, null, null, false, null, '2021-04-11 04:57:31.481360',
        null, null, null),
       (290, null, 'Quick To Table', 'Rating', null, false, false, null, null, false, null,
        '2021-04-11 04:56:31.481360', null, null, null),
       (291, null, 'Ease of Prep', 'Rating', null, false, false, null, null, false, null, '2021-04-11 04:55:31.481360',
        null, null, null),
       (292, null, 'Elegance', 'Rating', null, false, false, null, null, false, null, '2021-04-11 04:54:31.481360',
        null, null, null),
       (293, null, 'baking powder', 'Ingredient', null, true, true, null, null, false, null,
        '2021-04-11 04:53:31.481360', null, null, null),
       (294, null, 'powdered sugar', 'Ingredient', null, true, true, null, null, false, null,
        '2021-04-11 04:52:31.481360', null, null, null),
       (295, null, 'chocolate bar', 'Ingredient', null, true, true, null, null, false, null,
        '2021-04-11 04:51:31.481360', null, null, null),
       (296, null, 'fennel seeds', 'Ingredient', null, true, true, null, null, false, null,
        '2021-04-11 04:50:31.481360', null, null, null),
       (297, null, 'cardamon', 'Ingredient', null, true, true, null, null, false, null, '2021-04-11 04:49:31.481360',
        null, null, null),
       (298, null, 'square baking dish', 'NonEdible', null, true, true, null, null, false, null,
        '2021-04-11 04:48:31.481360', null, null, null),
       (299, null, 'dry wipes', 'NonEdible', null, true, true, null, null, false, null, '2021-04-11 04:47:31.481360',
        null, null, null),
       (300, null, 'Healthy 5', 'Rating', null, true, true, null, 5, false, null, '2021-04-11 04:46:31.481360', null,
        null, null),
       (301, null, 'Soup', 'TagType', null, true, true, null, null, false, null, '2021-04-11 04:45:31.481360', null,
        null, null),
       (302, '', 'Halal', 'TagType', null, true, true, null, null, false, null, '2021-04-11 04:44:31.481360', null,
        null, null),
       (303, '', 'Kosher', 'TagType', null, true, true, null, null, false, null, '2021-04-11 04:43:31.481360', null,
        null, null),
       (304, null, 'unused', 'TagType', null, false, false, null, null, false, null, '2021-04-11 04:42:31.481360', null,
        null, null),
       (305, null, 'Healthy', 'Rating', null, false, false, null, null, false, null, '2021-04-11 04:41:31.481360', null,
        null, null),
       (306, null, 'Kids Like It', 'Rating', null, false, false, null, null, false, null, '2021-04-11 04:40:31.481360',
        null, null, null),
       (307, null, 'frozen green beans', 'Ingredient', null, true, false, null, null, false, null,
        '2021-04-11 04:39:31.481360', null, null, null),
       (308, null, 'bay leaves', 'Ingredient', null, true, true, null, null, false, null, '2021-04-11 04:38:31.481360',
        null, null, null),
       (309, null, 'dried thyme', 'Ingredient', null, true, true, null, null, false, null, '2021-04-11 04:37:31.481360',
        null, null, null),
       (310, null, 'fresh pumpkin', 'Ingredient', null, true, true, null, null, false, null,
        '2021-04-11 04:36:31.481360', null, null, null),
       (311, null, 'pork roast', 'Ingredient', null, true, true, null, null, false, null, '2021-04-11 04:35:31.481360',
        null, null, null),
       (312, null, 'diced green chilis', 'Ingredient', null, true, true, null, null, false, null,
        '2021-04-11 04:34:31.481360', null, null, null),
       (314, null, 'kuggin', 'NonEdible', null, true, false, null, null, false, null, '2021-04-11 04:32:31.481360',
        null, null, null),
       (315, null, 'cheap 2', 'Rating', null, true, true, null, 2, false, null, '2021-04-11 04:31:31.481360', null,
        null, null),
       (316, null, 'Quick To Prepare 5', 'Rating', null, true, true, null, 5, false, null, '2021-04-11 04:30:31.481360',
        null, null, null),
       (317, null, 'Quick To Prepare 4', 'Rating', null, true, true, null, 4, false, null, '2021-04-11 04:29:31.481360',
        null, null, null),
       (318, null, 'sesame oil', 'Ingredient', null, true, false, null, null, false, null, '2021-04-11 04:28:31.481360',
        null, null, null),
       (319, null, 'Elegance 5', 'Rating', null, true, true, null, 5, false, null, '2021-04-11 04:27:31.481360', null,
        null, null),
       (320, '', 'Main Dish', 'DishType', null, true, true, null, null, false, null, '2021-04-11 04:26:31.481360', null,
        null, null),
       (321, null, 'Yummy 4', 'Rating', null, true, true, null, 4, false, null, '2021-04-11 04:25:31.481360', null,
        null, null),
       (322, null, 'Yummy 3', 'Rating', null, true, true, null, 3, false, null, '2021-04-11 04:24:31.481360', null,
        null, null),
       (323, 'rr', 'crockpot', 'TagType', null, true, true, null, null, false, null, '2021-04-11 04:23:31.481360', null,
        null, null),
       (324, null, 'Yummy 5', 'Rating', null, true, true, null, 5, false, null, '2021-04-11 04:22:31.481360', null,
        null, null),
       (325, null, 'Yummy 1', 'Rating', null, true, true, null, 1, false, null, '2021-04-11 04:21:31.481360', null,
        null, null),
       (326, null, 'Yummy 2', 'Rating', null, true, true, null, 2, false, null, '2021-04-11 04:20:31.481360', null,
        null, null),
       (327, null, 'Kids Like It 5', 'Rating', null, true, true, null, 5, false, null, '2021-04-11 04:19:31.481360',
        null, null, null),
       (328, null, 'Kids Like It 4', 'Rating', null, true, true, null, 4, false, null, '2021-04-11 04:18:31.481360',
        null, null, null),
       (329, null, 'Ease of Prep 5', 'Rating', null, true, true, null, 5, false, null, '2021-04-11 04:17:31.481360',
        null, null, null),
       (330, null, 'Quick To Table 5', 'Rating', null, true, true, null, 5, false, null, '2021-04-11 04:16:31.481360',
        null, null, null),
       (331, 'dd', 'Type TAG', 'TagType', null, false, false, null, null, false, null, '2021-04-11 04:15:31.481360',
        null, null, null),
       (332, null, 'cheap', 'Rating', true, false, false, null, null, false, null, '2021-04-11 04:14:31.481360', null,
        null, null),
       (333, null, 'Appetizer', 'DishType', true, true, true, null, null, false, null, '2021-04-11 04:13:31.481360',
        null, null, null),
       (334, null, 'black pepper', 'Ingredient', null, true, true, null, null, false, null,
        '2021-04-11 04:12:31.481360', null, null, null),
       (335, null, 'red pepper flakes', 'Ingredient', null, true, true, null, null, false, null,
        '2021-04-11 04:11:31.481360', null, null, null),
       (336, null, 'olive oil', 'Ingredient', null, true, true, null, null, false, null, '2021-04-11 04:10:31.481360',
        null, null, null),
       (337, null, 'egg', 'Ingredient', null, true, true, null, null, false, null, '2021-04-11 04:09:31.481360', null,
        null, null),
       (338, null, 'canned white beans', 'Ingredient', null, true, true, null, null, false, null,
        '2021-04-11 04:08:31.481360', null, null, null),
       (339, null, 'canned tomatoes', 'Ingredient', null, true, true, null, null, false, null,
        '2021-04-11 04:07:31.481360', null, null, null),
       (340, null, 'sausage', 'Ingredient', null, true, true, null, null, false, null, '2021-04-11 04:06:31.481360',
        null, null, null),
       (341, null, 'tomato paste', 'Ingredient', null, true, true, null, null, false, null,
        '2021-04-11 04:05:31.481360', null, null, null),
       (342, null, 'zucchini', 'Ingredient', null, true, true, null, null, false, null, '2021-04-11 04:04:31.481360',
        null, null, null),
       (343, null, 'cumin', 'Ingredient', null, true, true, null, null, false, null, '2021-04-11 04:03:31.481360', null,
        null, null),
       (344, 'rrr', 'cheap 3', 'Rating', null, true, false, null, 3, false, null, '2021-04-11 04:02:31.481360', null,
        null, null),
       (345, null, 'laughing cow cheese', 'Ingredient', null, true, true, null, null, false, null,
        '2021-04-11 04:01:31.481360', null, null, null),
       (347, null, 'vegetable oil', 'Ingredient', null, true, true, null, null, false, null,
        '2021-04-11 03:59:31.481360', null, null, null),
       (368, null, 'Chicken', 'Ingredient', null, false, true, null, null, false, null, '2021-04-11 03:38:31.481360',
        null, null, null),
       (372, null, 'Beef', 'Ingredient', null, false, true, null, null, false, null, '2021-04-11 03:34:31.481360', null,
        null, null),
       (373, null, 'Fish', 'Ingredient', null, false, true, null, null, false, null, '2021-04-11 03:33:31.481360', null,
        null, null),
       (374, null, 'Poultry', 'Ingredient', null, false, true, null, null, false, null, '2021-04-11 03:32:31.481360',
        null, null, null),
       (375, null, 'Pork', 'Ingredient', null, false, true, null, null, false, null, '2021-04-11 03:31:31.481360', null,
        null, null),
       (376, null, 'pasta', 'Ingredient', null, false, true, null, null, false, null, '2021-04-11 03:30:31.481360',
        null, null, null),
       (380, null, 'New', 'NonEdible', true, false, false, null, null, false, null, '2021-04-11 03:26:31.481360', null,
        null, null),
       (381, null, 'Cheese', 'Ingredient', null, false, true, null, null, false, null, '2021-04-11 03:25:31.481360',
        null, null, null),
       (382, null, 'Baking', 'Ingredient', null, false, false, null, null, false, null, '2021-04-11 03:24:31.481360',
        null, null, null),
       (387, null, 'Difficulty', 'Rating', null, false, false, null, null, false, null, '2021-04-11 03:19:31.481360',
        null, null, null),
       (388, null, 'Produce', 'Ingredient', null, false, false, null, null, false, null, '2021-04-11 03:18:31.481360',
        null, null, null),
       (389, null, 'Personal Hygiene', 'NonEdible', null, false, false, null, null, false, null,
        '2021-04-11 03:17:31.481360', null, null, null),
       (390, null, 'Vegetables', 'Ingredient', null, false, false, null, null, false, null,
        '2021-04-11 03:16:31.481360', null, null, null),
       (391, null, 'Taste Factor', 'Rating', null, false, false, null, null, false, null, '2021-04-11 03:15:31.481360',
        null, null, null),
       (392, null, 'Drinks', 'Ingredient', null, false, false, null, null, false, null, '2021-04-11 03:14:31.481360',
        null, null, null),
       (393, null, 'Milk and Cream', 'Ingredient', null, false, false, null, null, false, null,
        '2021-04-11 03:13:31.481360', null, null, null),
       (394, null, 'sausage', 'Ingredient', null, false, false, null, null, false, null, '2021-04-11 03:12:31.481360',
        null, null, null),
       (395, null, 'Elegance 4', 'Rating', null, true, true, null, 4, false, null, '2021-04-11 03:11:31.481360', null,
        null, null),
       (396, null, 'Elegance 3', 'Rating', null, true, true, null, 3, false, null, '2021-04-11 03:10:31.481360', null,
        null, null),
       (397, null, 'Elegance 2', 'Rating', null, true, true, null, 2, false, null, '2021-04-11 03:09:31.481360', null,
        null, null),
       (398, null, 'Elegance 1', 'Rating', null, true, true, null, 1, false, null, '2021-04-11 03:08:31.481360', null,
        null, null),
       (399, null, 'Ease of Prep 4', 'Rating', null, true, true, null, 4, false, null, '2021-04-11 03:07:31.481360',
        null, null, null),
       (400, null, 'Ease of Prep 3', 'Rating', null, true, true, null, 3, false, null, '2021-04-11 03:06:31.481360',
        null, null, null),
       (401, null, 'Ease of Prep 2', 'Rating', null, true, true, null, 2, false, null, '2021-04-11 03:05:31.481360',
        null, null, null),
       (402, null, 'Ease of Prep 1', 'Rating', null, true, true, null, 1, false, null, '2021-04-11 03:04:31.481360',
        null, null, null),
       (404, null, 'Holiday', 'TagType', null, false, true, null, null, false, null, '2021-04-11 03:02:31.481360', null,
        null, null),
       (406, null, 'chicken breasts', 'Ingredient', null, true, false, null, null, false, null,
        '2021-04-11 03:00:31.481360', null, null, null),
       (407, null, 'Dish Type', 'TagType', null, false, false, null, null, false, null, '2021-04-11 02:59:31.481360',
        null, null, null),
       (408, 'dd', 'notused3', 'Ingredient', null, true, true, null, null, false, null, '2021-04-11 02:58:31.481360',
        null, null, null),
       (409, null, 'Bakery - Bread Products', 'Ingredient', null, false, false, null, null, false, null,
        '2021-04-11 02:57:31.481360', null, null, null),
       (410, null, 'Nuts', 'Ingredient', null, false, false, null, null, false, null, '2021-04-11 02:56:31.481360',
        null, null, null),
       (411, null, 'Spreads', 'Ingredient', null, false, false, null, null, false, null, '2021-04-11 02:55:31.481360',
        null, null, null),
       (412, null, 'Tomato and Pasta Sauce', 'Ingredient', null, false, false, null, null, false, null,
        '2021-04-11 02:54:31.481360', null, null, null),
       (413, null, 'Snacks', 'Ingredient', null, false, false, null, null, false, null, '2021-04-11 02:53:31.481360',
        null, null, null),
       (414, null, 'Coffee and Tea', 'Ingredient', null, false, false, null, null, false, null,
        '2021-04-11 02:52:31.481360', null, null, null),
       (415, null, 'cheap 1', 'Rating', null, true, true, null, 1, false, null, '2021-04-11 02:51:31.481360', null,
        null, null),
       (416, 'dd', 'Quick to Prepare 1', 'Rating', null, true, true, null, 1.1, false, null,
        '2021-04-11 02:50:31.481360', null, null, null),
       (417, null, 'Healthy 4', 'Rating', null, true, true, null, 4, false, null, '2021-04-11 02:49:31.481360', null,
        null, null),
       (418, 'jj', 'notused2', 'Ingredient', null, true, true, null, null, false, null, '2021-04-11 02:48:31.481360',
        null, null, null),
       (419, null, 'Healthy 3', 'Rating', null, true, true, null, 3, false, null, '2021-04-11 02:47:31.481360', null,
        null, null),
       (420, null, 'unused', 'Ingredient', null, true, true, null, null, false, null, '2021-04-11 02:46:31.481360',
        null, null, null),
       (421, null, 'lunch meats', 'Ingredient', null, false, true, null, null, false, null,
        '2021-04-11 02:45:31.481360', null, null, null),
       (422, null, 'Healthy 2', 'Rating', null, true, true, null, 2, false, null, '2021-04-11 02:44:31.481360', null,
        null, null),
       (424, null, 'Healthy 1', 'Rating', null, true, true, null, 1, false, null, '2021-04-11 02:42:31.481360', null,
        null, null),
       (425, null, 'Quick To Table 4', 'Rating', null, true, true, null, 4, false, null, '2021-04-11 02:41:31.481360',
        null, null, null),
       (426, null, 'Quick To Table 3', 'Rating', null, true, true, null, 3, false, null, '2021-04-11 02:40:31.481360',
        null, null, null),
       (427, null, 'Quick To Table 2', 'Rating', null, true, true, null, 2, false, null, '2021-04-11 02:39:31.481360',
        null, null, null),
       (428, null, 'Quick To Table 1', 'Rating', null, true, true, null, 1, false, null, '2021-04-11 02:38:31.481360',
        null, null, null),
       (429, null, 'Meat Type', 'TagType', null, false, false, null, null, false, null, '2021-04-11 02:37:31.481360',
        null, null, null),
       (430, null, 'Cereals', 'Ingredient', null, false, false, null, null, false, null, '2021-04-11 02:36:31.481360',
        null, null, null),
       (431, null, 'Canned Fish', 'Ingredient', null, false, false, null, null, false, null,
        '2021-04-11 02:35:31.481360', null, null, null),
       (432, 'dd', 'Side Dish', 'DishType', null, true, true, null, null, false, null, '2021-04-11 02:34:31.481360',
        null, null, null),
       (433, 'tt', 'Dessert', 'DishType', null, true, true, null, null, false, null, '2021-04-11 02:33:31.481360', null,
        null, null),
       (434, null, 'chicken', 'Ingredient', null, true, true, null, null, false, null, '2021-04-11 02:32:31.481360',
        null, null, null),
       (435, null, 'ground beef', 'Ingredient', null, true, true, null, null, false, null, '2021-04-11 02:31:31.481360',
        null, null, null),
       (436, null, 'elbow maccaroni', 'Ingredient', null, true, true, null, null, false, null,
        '2021-04-11 02:30:31.481360', null, null, null),
       (437, null, 'chicken stock', 'Ingredient', null, true, true, null, null, false, null,
        '2021-04-11 02:29:31.481360', null, null, null),
       (438, null, 'farfalla', 'Ingredient', null, true, true, null, null, false, null, '2021-04-11 02:28:31.481360',
        null, null, null),
       (439, null, 'spaghetti', 'Ingredient', null, true, true, null, null, false, null, '2021-04-11 02:27:31.481360',
        null, null, null),
       (440, null, 'pancetta', 'Ingredient', null, true, true, null, null, false, null, '2021-04-11 02:26:31.481360',
        null, null, null),
       (441, null, 'bacon', 'Ingredient', null, true, true, null, null, false, null, '2021-04-11 02:25:31.481360', null,
        null, null),
       (442, null, 'pork chops', 'Ingredient', null, true, true, null, null, false, null, '2021-04-11 02:24:31.481360',
        null, null, null),
       (443, null, 'chicken thighs', 'Ingredient', null, true, true, null, null, false, null,
        '2021-04-11 02:23:31.481360', null, null, null),
       (444, null, 'half and half', 'Ingredient', null, true, true, null, null, false, null,
        '2021-04-11 02:22:31.481360', null, null, null),
       (445, null, 'unused', 'TagType', null, true, true, null, null, false, null, '2021-04-11 02:21:31.481360', null,
        null, null),
       (446, null, 'raisin', 'Ingredient', null, true, true, null, null, false, null, '2021-04-11 02:20:31.481360',
        null, null, null),
       (447, null, 'jasmine rice', 'Ingredient', null, true, true, null, null, false, null,
        '2021-04-11 02:19:31.481360', null, null, null),
       (448, null, 'coconut milk', 'Ingredient', null, true, true, null, null, false, null,
        '2021-04-11 02:18:31.481360', null, null, null),
       (449, null, 'rice wine vinegar', 'Ingredient', null, true, true, null, null, false, null,
        '2021-04-11 02:17:31.481360', null, null, null),
       (450, null, 'fish sauce', 'Ingredient', null, true, true, null, null, false, null, '2021-04-11 02:16:31.481360',
        null, null, null),
       (451, null, 'shitake mushrooms', 'Ingredient', null, true, true, null, null, false, null,
        '2021-04-11 02:15:31.481360', null, null, null),
       (452, null, 'green onion', 'Ingredient', null, true, true, null, null, false, null, '2021-04-11 02:14:31.481360',
        null, null, null),
       (453, null, 'mozzarella', 'Ingredient', null, true, true, null, null, false, null, '2021-04-11 02:13:31.481360',
        null, null, null),
       (454, null, 'canned mixed vegetables', 'Ingredient', null, true, true, null, null, false, null,
        '2021-04-11 02:12:31.481360', null, null, null),
       (455, null, 'bulgur', 'Ingredient', null, true, true, null, null, false, null, '2021-04-11 02:11:31.481360',
        null, null, null),
       (456, null, 'green lentils', 'Ingredient', null, true, true, null, null, false, null,
        '2021-04-11 02:10:31.481360', null, null, null),
       (457, null, 'Worcestershire sauce', 'Ingredient', null, true, true, null, null, false, null,
        '2021-04-11 02:09:31.481360', null, null, null),
       (458, null, 'apple juice', 'Ingredient', null, true, true, null, null, false, null, '2021-04-11 02:08:31.481360',
        null, null, null),
       (459, null, 'canned salmon', 'Ingredient', null, true, true, null, null, false, null,
        '2021-04-11 02:07:31.481360', null, null, null),
       (460, null, 'cornstarch', 'Ingredient', null, true, true, null, null, false, null, '2021-04-11 02:06:31.481360',
        null, null, null),
       (461, null, 'beer', 'Ingredient', null, true, true, null, null, false, null, '2021-04-11 02:05:31.481360', null,
        null, null),
       (462, null, 'plain yogurt', 'Ingredient', null, true, true, null, null, false, null,
        '2021-04-11 02:04:31.481360', null, null, null),
       (463, null, 'lime', 'Ingredient', null, true, true, null, null, false, null, '2021-04-11 02:03:31.481360', null,
        null, null),
       (464, null, 'dried dill', 'Ingredient', null, true, true, null, null, false, null, '2021-04-11 02:02:31.481360',
        null, null, null),
       (465, null, 'cabbage', 'Ingredient', null, true, true, null, null, false, null, '2021-04-11 02:01:31.481360',
        null, null, null),
       (466, null, 'bowtie pasta', 'Ingredient', null, true, true, null, null, false, null,
        '2021-04-11 02:00:31.481360', null, null, null),
       (467, null, 'cherry tomatoes', 'Ingredient', null, true, true, null, null, false, null,
        '2021-04-11 01:59:31.481360', null, null, null),
       (468, null, 'dinner in a bag', 'Ingredient', null, true, true, null, null, false, null,
        '2021-04-11 01:58:31.481360', null, null, null),
       (469, null, 'glue', 'NonEdible', null, true, true, null, null, false, null, '2021-04-11 01:57:31.481360', null,
        null, null),
       (470, null, 'soft cat food', 'NonEdible', null, true, true, null, null, false, null,
        '2021-04-11 01:56:31.481360', null, null, null),
       (471, null, 'pantry dish', 'TagType', null, true, true, null, null, false, null, '2021-04-11 01:55:31.481360',
        null, null, null),
       (472, null, 'sliced pepperoni', 'Ingredient', null, true, true, null, null, false, null,
        '2021-04-11 01:54:31.481360', null, null, null),
       (473, null, 'boneless pork chops', 'Ingredient', null, true, true, null, null, false, null,
        '2021-04-11 01:53:31.481360', null, null, null),
       (14, null, 'Rice', 'Ingredient', null, false, true, null, null, false, null, '2021-04-11 09:32:31.481360', null,
        null, null),
       (157, null, 'Preparation Type', 'TagType', null, false, false, null, null, false, null,
        '2021-04-11 07:09:31.481360', null, null, null),
       (197, null, 'Low In ...', 'TagType', null, false, false, null, null, false, null, '2021-04-11 06:29:31.481360',
        null, null, null),
       (216, null, 'Kitchen Supplies', 'NonEdible', null, false, false, null, null, false, null,
        '2021-04-11 06:10:31.481360', null, null, null),
       (246, null, 'Special Diet', 'TagType', null, false, false, null, null, false, null, '2021-04-11 05:40:31.481360',
        null, null, null),
       (313, null, 'Household Supplies', 'NonEdible', null, false, false, null, null, false, null,
        '2021-04-11 04:33:31.481360', null, null, null),
       (367, null, 'Animal Products', 'NonEdible', null, false, false, null, null, false, null,
        '2021-04-11 03:39:31.481360', null, null, null),
       (369, null, 'New', 'TagType', true, false, false, null, null, false, null, '2021-04-11 03:37:31.481360', null,
        null, null),
       (370, null, 'New', 'Ingredient', true, false, false, null, null, false, null, '2021-04-11 03:36:31.481360', null,
        null, null),
       (371, 'mmm', 'Meat', 'Ingredient', null, false, false, null, null, false, null, '2021-04-11 03:35:31.481360',
        null, null, null),
       (377, null, 'Spices', 'Ingredient', null, false, false, null, null, false, null, '2021-04-11 03:29:31.481360',
        null, null, null),
       (378, null, 'Eggs and Dairy', 'Ingredient', null, false, true, null, null, false, null,
        '2021-04-11 03:28:31.481360', null, null, null),
       (379, null, 'Condiments', 'Ingredient', null, false, false, null, null, false, null,
        '2021-04-11 03:27:31.481360', null, null, null),
       (383, null, 'cleaning supplies', 'NonEdible', null, false, false, null, null, false, null,
        '2021-04-11 03:23:31.481360', null, null, null),
       (384, null, 'Office Supplies', 'NonEdible', null, false, false, null, null, false, null,
        '2021-04-11 03:22:31.481360', null, null, null),
       (385, null, 'Oil and Vinegar', 'Ingredient', null, false, false, null, null, false, null,
        '2021-04-11 03:21:31.481360', null, null, null),
       (386, null, 'Canned Vegetables', 'Ingredient', null, false, false, null, null, false, null,
        '2021-04-11 03:20:31.481360', null, null, null),
       (403, null, 'Frozen', 'Ingredient', null, false, false, null, null, false, null, '2021-04-11 03:03:31.481360',
        null, null, null),
       (405, null, 'Prepared Soup', 'Ingredient', null, false, false, null, null, false, null,
        '2021-04-11 03:01:31.481360', null, null, null),
       (423, null, 'Nuts, Grains and Dry Beans', 'Ingredient', null, false, false, null, null, false, null,
        '2021-04-11 02:43:31.481360', null, null, null),
       (501, null, 'tag2', 'TagType', false, true, true, true, 0, false, null, null, null, null, null),
       (502, null, 'tag3', 'TagType', false, true, true, true, 0, false, null, null, null, null, null),
       (503, null, 'tag4', 'TagType', false, true, true, true, 0, false, null, null, null, null, null),
       (500, null, 'tag1', 'TagType', false, true, true, true, 0, false, null, null, null, null, null),
       (504, null, 'tag5', 'TagType', false, true, true, true, 0, false, null, null, null, null, null),
       (505, null, 'notdisplayed', 'Ingredient', false, true, true, true, 0, false, null, null, null, null, null),
       (506, null, 'notdisplayed', 'Ingredient', false, true, true, true, 0, true, null, null, null, null, null),
       (1087, null, 'a', 'TagType', null, true, false, null, null, false, null, '2021-04-11 09:47:01.852000', null,
        '2021-04-11 09:47:02.114000', null),
       (1088, null, 'b', 'TagType', null, true, false, null, null, false, null, '2021-04-11 09:47:02.143000', null,
        null, null),
       (1089, null, 'c', 'TagType', null, true, false, null, null, false, null, '2021-04-11 09:47:02.318000', null,
        null, null),
       (1090, 'main1', 'parent', 'TagType', null, null, null, null, null, false, null, null, null, null, null),
       (1091, null, 'testTag', 'TagType', null, true, false, null, null, false, null, '2021-04-11 09:47:02.589000',
        null, null, null),
       (1092, null, 'testTagSibling', 'TagType', null, true, false, null, null, false, null,
        '2021-04-11 09:47:02.785000', null, null, null),
       (1093, null, 'testTagSibling2', 'TagType', null, true, false, null, null, false, null,
        '2021-04-11 09:47:03.158000', null, null, null),
       (1094, null, 'testTagChild', 'TagType', null, true, false, null, null, false, null, '2021-04-11 09:47:03.520000',
        null, null, null),
       (1095, null, 'testTagAnotherChild', 'TagType', null, true, false, null, null, false, null,
        '2021-04-11 09:47:03.701000', null, null, null),
       (1096, null, 'a', 'TagType', null, true, false, null, null, false, null, '2021-04-11 09:47:04.124000', null,
        '2021-04-11 09:47:04.392000', null),
       (1097, null, 'b', 'TagType', null, true, false, null, null, false, null, '2021-04-11 09:47:04.412000', null,
        null, null),
       (1098, null, 'c', 'TagType', null, true, false, null, null, false, null, '2021-04-11 09:47:04.618000', null,
        null, null),
       (1099, 'main1', 'parent', 'TagType', null, null, null, null, null, false, null, null, null, null, null),
       (1100, null, 'testTag', 'TagType', null, true, false, null, null, false, null, '2021-04-11 09:47:04.805000',
        null, null, null),
       (1101, null, 'testTagSibling', 'TagType', null, true, false, null, null, false, null,
        '2021-04-11 09:47:04.959000', null, null, null),
       (1102, null, 'testTagSibling2', 'TagType', null, true, false, null, null, false, null,
        '2021-04-11 09:47:05.341000', null, null, null),
       (1103, null, 'testTagChild', 'TagType', null, true, false, null, null, false, null, '2021-04-11 09:47:05.723000',
        null, null, null),
       (1104, null, 'testTagAnotherChild', 'TagType', null, true, false, null, null, false, null,
        '2021-04-11 09:47:05.898000', null, null, null),
       (1105, null, 'a', 'TagType', null, true, false, null, null, false, null, '2021-04-11 09:47:06.228000', null,
        '2021-04-11 09:47:06.516000', null),
       (1106, null, 'b', 'TagType', null, true, false, null, null, false, null, '2021-04-11 09:47:06.534000', null,
        null, null),
       (1107, null, 'c', 'TagType', null, true, false, null, null, false, null, '2021-04-11 09:47:06.703000', null,
        null, null),
       (1108, 'main1', 'parent', 'TagType', null, null, null, null, null, false, null, null, null, null, null),
       (1109, null, 'testTag', 'TagType', null, true, false, null, null, false, null, '2021-04-11 09:47:06.952000',
        null, null, null),
       (1110, null, 'testTagSibling', 'TagType', null, true, false, null, null, false, null,
        '2021-04-11 09:47:07.199000', null, null, null),
       (1111, null, 'testTagSibling2', 'TagType', null, true, false, null, null, false, null,
        '2021-04-11 09:47:07.531000', null, null, null),
       (1112, null, 'testTagChild', 'TagType', null, true, false, null, null, false, null, '2021-04-11 09:47:07.903000',
        null, null, null),
       (1113, null, 'testTagAnotherChild', 'TagType', null, true, false, null, null, false, null,
        '2021-04-11 09:47:08.058000', null, null, null),
       (1114, null, 'a', 'TagType', null, true, false, null, null, false, null, '2021-04-11 09:47:08.497000', null,
        '2021-04-11 09:47:08.852000', null),
       (1115, null, 'b', 'TagType', null, true, false, null, null, false, null, '2021-04-11 09:47:08.881000', null,
        null, null),
       (1116, null, 'c', 'TagType', null, true, false, null, null, false, null, '2021-04-11 09:47:09.115000', null,
        null, null),
       (1117, 'main1', 'parent', 'TagType', null, null, null, null, null, false, null, null, null, null, null),
       (1118, null, 'testTag', 'TagType', null, true, false, null, null, false, null, '2021-04-11 09:47:09.453000',
        null, null, null),
       (1119, null, 'testTagSibling', 'TagType', null, true, false, null, null, false, null,
        '2021-04-11 09:47:09.724000', null, null, null),
       (1120, null, 'testTagSibling2', 'TagType', null, true, false, null, null, false, null,
        '2021-04-11 09:47:10.121000', null, null, null),
       (1121, null, 'testTagChild', 'TagType', null, true, false, null, null, false, null, '2021-04-11 09:47:10.519000',
        null, null, null),
       (1122, null, 'testTagAnotherChild', 'TagType', null, true, false, null, null, false, null,
        '2021-04-11 09:47:10.821000', null, null, null),
       (1123, null, 'a', 'TagType', null, true, false, null, null, false, null, '2021-04-11 09:47:11.394000', null,
        '2021-04-11 09:47:11.771000', null),
       (1124, null, 'b', 'TagType', null, true, false, null, null, false, null, '2021-04-11 09:47:11.804000', null,
        null, null),
       (1125, null, 'c', 'TagType', null, true, false, null, null, false, null, '2021-04-11 09:47:12.017000', null,
        null, null),
       (1126, 'testdescription', 'testname', 'TagType', null, null, null, null, null, false, null, null, null, null,
        null),
       (1127, 'main1', 'parent', 'TagType', null, null, null, null, null, false, null, null, null, null, null),
       (1128, null, 'testTag', 'TagType', null, true, false, null, null, false, null, '2021-04-11 09:47:12.271000',
        null, null, null),
       (1129, null, 'testTagSibling', 'TagType', null, true, false, null, null, false, null,
        '2021-04-11 09:47:12.471000', null, null, null),
       (1130, null, 'testTagSibling2', 'TagType', null, true, false, null, null, false, null,
        '2021-04-11 09:47:12.887000', null, null, null),
       (1131, null, 'testTagChild', 'TagType', null, true, false, null, null, false, null, '2021-04-11 09:47:13.296000',
        null, null, null),
       (1132, null, 'testTagAnotherChild', 'TagType', null, true, false, null, null, false, null,
        '2021-04-11 09:47:13.487000', null, null, null),
       (1133, null, 'a', 'TagType', null, true, false, null, null, false, null, '2021-04-11 09:47:13.888000', null,
        '2021-04-11 09:47:14.238000', null),
       (1134, null, 'b', 'TagType', null, true, false, null, null, false, null, '2021-04-11 09:47:14.262000', null,
        null, null),
       (1135, null, 'c', 'TagType', null, true, false, null, null, false, null, '2021-04-11 09:47:14.526000', null,
        null, null),
       (1136, 'main1', 'parent', 'TagType', null, null, null, null, null, false, null, null, null, null, null),
       (1137, null, 'testTag', 'TagType', null, true, false, null, null, false, null, '2021-04-11 09:47:14.755000',
        null, null, null),
       (1138, null, 'testTagSibling', 'TagType', null, true, false, null, null, false, null,
        '2021-04-11 09:47:15.027000', null, null, null),
       (1139, null, 'testTagSibling2', 'TagType', null, true, false, null, null, false, null,
        '2021-04-11 09:47:15.564000', null, null, null),
       (1140, null, 'testTagChild', 'TagType', null, true, false, null, null, false, null, '2021-04-11 09:47:16.078000',
        null, null, null),
       (1141, null, 'testTagAnotherChild', 'TagType', null, true, false, null, null, false, null,
        '2021-04-11 09:47:16.371000', null, null, null),
       (1142, null, 'a', 'TagType', null, true, false, null, null, false, null, '2021-04-11 09:47:16.976000', null,
        '2021-04-11 09:47:17.424000', null),
       (1143, null, 'b', 'TagType', null, true, false, null, null, false, null, '2021-04-11 09:47:17.462000', null,
        null, null),
       (1144, null, 'c', 'TagType', null, true, false, null, null, false, null, '2021-04-11 09:47:17.735000', null,
        null, null),
       (1145, 'main1', 'parent', 'TagType', null, null, null, null, null, false, null, null, null, null, null),
       (1146, null, 'testTag', 'TagType', null, true, false, null, null, false, null, '2021-04-11 09:47:18.030000',
        null, null, null),
       (1147, null, 'testTagSibling', 'TagType', null, true, false, null, null, false, null,
        '2021-04-11 09:47:18.307000', null, null, null),
       (1148, null, 'testTagSibling2', 'TagType', null, true, false, null, null, false, null,
        '2021-04-11 09:47:18.858000', null, null, null),
       (1149, null, 'testTagChild', 'TagType', null, true, false, null, null, false, null, '2021-04-11 09:47:19.421000',
        null, null, null),
       (1150, null, 'testTagAnotherChild', 'TagType', null, true, false, null, null, false, null,
        '2021-04-11 09:47:19.675000', null, null, null),
       (1151, null, 'a', 'TagType', null, true, false, null, null, false, null, '2021-04-11 09:47:20.227000', null,
        '2021-04-11 09:47:20.606000', null),
       (1152, null, 'b', 'TagType', null, true, false, null, null, false, null, '2021-04-11 09:47:20.626000', null,
        null, null),
       (1153, null, 'c', 'TagType', null, true, false, null, null, false, null, '2021-04-11 09:47:20.826000', null,
        null, null),
       (1155, 'main1', 'parent', 'TagType', null, null, null, null, null, false, null, null, null, null, null),
       (1156, null, 'testTag', 'TagType', null, true, false, null, null, false, null, '2021-04-11 09:47:21.289000',
        null, null, null),
       (1157, null, 'testTagSibling', 'TagType', null, true, false, null, null, false, null,
        '2021-04-11 09:47:21.507000', null, null, null),
       (1158, null, 'testTagSibling2', 'TagType', null, true, false, null, null, false, null,
        '2021-04-11 09:47:22.054000', null, null, null),
       (1159, null, 'testTagChild', 'TagType', null, true, false, null, null, false, null, '2021-04-11 09:47:22.500000',
        null, null, null),
       (1160, null, 'testTagAnotherChild', 'TagType', null, true, false, null, null, false, null,
        '2021-04-11 09:47:22.763000', null, null, null),
       (1161, null, 'a', 'TagType', null, true, false, null, null, false, null, '2021-04-11 09:47:23.232000', null,
        '2021-04-11 09:47:23.604000', null),
       (1162, null, 'b', 'TagType', null, true, false, null, null, false, null, '2021-04-11 09:47:23.625000', null,
        null, null),
       (1163, null, 'c', 'TagType', null, true, false, null, null, false, null, '2021-04-11 09:47:23.845000', null,
        null, null),
       (1164, 'main1', 'parent', 'TagType', null, null, null, null, null, false, null, null, null, null, null),
       (1165, null, 'testTag', 'TagType', null, true, false, null, null, false, null, '2021-04-11 09:47:24.231000',
        null, null, null),
       (1166, null, 'testTagSibling', 'TagType', null, true, false, null, null, false, null,
        '2021-04-11 09:47:24.531000', null, null, null),
       (1167, null, 'testTagSibling2', 'TagType', null, true, false, null, null, false, null,
        '2021-04-11 09:47:25.163000', null, null, null),
       (1168, null, 'testTagChild', 'TagType', null, true, false, null, null, false, null, '2021-04-11 09:47:25.664000',
        null, null, null),
       (1169, null, 'testTagAnotherChild', 'TagType', null, true, false, null, null, false, null,
        '2021-04-11 09:47:25.887000', null, null, null),
       (1170, null, 'a', 'TagType', null, true, false, null, null, false, null, '2021-04-11 09:47:26.407000', null,
        '2021-04-11 09:47:26.821000', null),
       (1171, null, 'b', 'TagType', null, true, false, null, null, false, null, '2021-04-11 09:47:26.842000', null,
        null, null),
       (1172, null, 'c', 'TagType', null, true, false, null, null, false, null, '2021-04-11 09:47:27.071000', null,
        null, null),
       (1173, 'main1', 'parent', 'TagType', null, null, null, null, null, false, null, null, null, null, null),
       (1174, null, 'testTag', 'TagType', null, true, false, null, null, false, null, '2021-04-11 09:47:27.544000',
        null, null, null),
       (1175, null, 'testTagSibling', 'TagType', null, true, false, null, null, false, null,
        '2021-04-11 09:47:27.768000', null, null, null),
       (1176, null, 'testTagSibling2', 'TagType', null, true, false, null, null, false, null,
        '2021-04-11 09:47:28.241000', null, null, null),
       (1177, null, 'testTagChild', 'TagType', null, true, false, null, null, false, null, '2021-04-11 09:47:28.839000',
        null, null, null),
       (1178, null, 'testTagAnotherChild', 'TagType', null, true, false, null, null, false, null,
        '2021-04-11 09:47:29.106000', null, null, null),
       (1179, null, 'a', 'TagType', null, true, false, null, null, false, null, '2021-04-11 09:47:29.731000', null,
        '2021-04-11 09:47:30.134000', null),
       (1180, null, 'b', 'TagType', null, true, false, null, null, false, null, '2021-04-11 09:47:30.164000', null,
        null, null),
       (1181, null, 'c', 'TagType', null, true, false, null, null, false, null, '2021-04-11 09:47:30.402000', null,
        null, null),
       (1182, 'main1', 'parent', 'TagType', null, null, null, null, null, false, null, null, null, null, null),
       (1183, null, 'testTag', 'TagType', null, true, false, null, null, false, null, '2021-04-11 09:47:30.735000',
        null, null, null),
       (1184, null, 'testTagSibling', 'TagType', null, true, false, null, null, false, null,
        '2021-04-11 09:47:31.012000', null, null, null),
       (1185, null, 'testTagSibling2', 'TagType', null, true, false, null, null, false, null,
        '2021-04-11 09:47:31.628000', null, null, null),
       (1186, null, 'testTagChild', 'TagType', null, true, false, null, null, false, null, '2021-04-11 09:47:32.226000',
        null, null, null),
       (1187, null, 'testTagAnotherChild', 'TagType', null, true, false, null, null, false, null,
        '2021-04-11 09:47:32.491000', null, null, null),
       (1188, null, 'a', 'TagType', null, true, false, null, null, false, null, '2021-04-11 09:47:33.174000', null,
        '2021-04-11 09:47:33.613000', null),
       (1189, null, 'b', 'TagType', null, true, false, null, null, false, null, '2021-04-11 09:47:33.647000', null,
        null, null),
       (1190, null, 'c', 'TagType', null, true, false, null, null, false, null, '2021-04-11 09:47:33.896000', null,
        null, null),
       (1000, 'main1', 'parent', 'TagType', null, null, null, null, null, false, null, null, null, null, null),
       (1001, null, 'testTag', 'TagType', null, true, false, null, null, false, null, '2021-04-11 09:46:44.528000',
        null, null, null),
       (1002, null, 'testTagSibling', 'TagType', null, true, false, null, null, false, null,
        '2021-04-11 09:46:44.741000', null, null, null),
       (1003, null, 'testTagSibling2', 'TagType', null, true, false, null, null, false, null,
        '2021-04-11 09:46:44.949000', null, null, null),
       (1004, null, 'testTagChild', 'TagType', null, true, false, null, null, false, null, '2021-04-11 09:46:45.086000',
        null, null, null),
       (1005, null, 'testTagAnotherChild', 'TagType', null, true, false, null, null, false, null,
        '2021-04-11 09:46:45.161000', null, null, null),
       (1006, null, 'a', 'TagType', null, true, false, null, null, false, null, '2021-04-11 09:46:45.308000', null,
        '2021-04-11 09:46:45.444000', null),
       (1007, null, 'b', 'TagType', null, true, false, null, null, false, null, '2021-04-11 09:46:45.480000', null,
        null, null),
       (1008, null, 'c', 'TagType', null, true, false, null, null, false, null, '2021-04-11 09:46:45.575000', null,
        null, null),
       (1009, 'main1', 'parent', 'TagType', null, null, null, null, null, false, null, null, null, null, null),
       (1010, null, 'testTag', 'TagType', null, true, false, null, null, false, null, '2021-04-11 09:46:45.918000',
        null, null, null),
       (1011, null, 'testTagSibling', 'TagType', null, true, false, null, null, false, null,
        '2021-04-11 09:46:45.996000', null, null, null),
       (1012, null, 'testTagSibling2', 'TagType', null, true, false, null, null, false, null,
        '2021-04-11 09:46:46.157000', null, null, null),
       (1013, null, 'testTagChild', 'TagType', null, true, false, null, null, false, null, '2021-04-11 09:46:46.311000',
        null, null, null),
       (1014, null, 'testTagAnotherChild', 'TagType', null, true, false, null, null, false, null,
        '2021-04-11 09:46:46.398000', null, null, null),
       (1015, null, 'a', 'TagType', null, true, false, null, null, false, null, '2021-04-11 09:46:46.564000', null,
        '2021-04-11 09:46:46.721000', null),
       (1016, null, 'b', 'TagType', null, true, false, null, null, false, null, '2021-04-11 09:46:46.757000', null,
        null, null),
       (1017, null, 'c', 'TagType', null, true, false, null, null, false, null, '2021-04-11 09:46:46.871000', null,
        null, null),
       (1018, 'main1', 'parent', 'TagType', null, null, null, null, null, false, null, null, null, null, null),
       (1019, null, 'testTag', 'TagType', null, true, false, null, null, false, null, '2021-04-11 09:46:47.562000',
        null, null, null),
       (1020, null, 'testTagSibling', 'TagType', null, true, false, null, null, false, null,
        '2021-04-11 09:46:47.685000', null, null, null),
       (1021, null, 'testTagSibling2', 'TagType', null, true, false, null, null, false, null,
        '2021-04-11 09:46:47.914000', null, null, null),
       (1022, null, 'testTagChild', 'TagType', null, true, false, null, null, false, null, '2021-04-11 09:46:48.198000',
        null, null, null),
       (1023, null, 'testTagAnotherChild', 'TagType', null, true, false, null, null, false, null,
        '2021-04-11 09:46:48.339000', null, null, null),
       (1024, null, 'a', 'TagType', null, true, false, null, null, false, null, '2021-04-11 09:46:48.572000', null,
        '2021-04-11 09:46:48.744000', null),
       (1025, null, 'b', 'TagType', null, true, false, null, null, false, null, '2021-04-11 09:46:48.795000', null,
        null, null),
       (1026, null, 'c', 'TagType', null, true, false, null, null, false, null, '2021-04-11 09:46:48.929000', null,
        null, null),
       (1027, 'main1', 'parent', 'TagType', null, null, null, null, null, false, null, null, null, null, null),
       (1028, null, 'testTag', 'TagType', null, true, false, null, null, false, null, '2021-04-11 09:46:49.722000',
        null, null, null),
       (1029, null, 'testTagSibling', 'TagType', null, true, false, null, null, false, null,
        '2021-04-11 09:46:49.826000', null, null, null),
       (1030, null, 'testTagSibling2', 'TagType', null, true, false, null, null, false, null,
        '2021-04-11 09:46:50.073000', null, null, null),
       (1031, null, 'testTagChild', 'TagType', null, true, false, null, null, false, null, '2021-04-11 09:46:50.317000',
        null, null, null),
       (1032, null, 'testTagAnotherChild', 'TagType', null, true, false, null, null, false, null,
        '2021-04-11 09:46:50.432000', null, null, null),
       (1033, null, 'a', 'TagType', null, true, false, null, null, false, null, '2021-04-11 09:46:50.696000', null,
        '2021-04-11 09:46:50.898000', null),
       (1034, null, 'b', 'TagType', null, true, false, null, null, false, null, '2021-04-11 09:46:50.956000', null,
        null, null),
       (1035, null, 'c', 'TagType', null, true, false, null, null, false, null, '2021-04-11 09:46:51.093000', null,
        null, null),
       (1036, 'main1', 'parent', 'TagType', null, null, null, null, null, false, null, null, null, null, null),
       (1037, null, 'testTag', 'TagType', null, true, false, null, null, false, null, '2021-04-11 09:46:51.360000',
        null, null, null),
       (1038, null, 'testTagSibling', 'TagType', null, true, false, null, null, false, null,
        '2021-04-11 09:46:51.471000', null, null, null),
       (1039, null, 'testTagSibling2', 'TagType', null, true, false, null, null, false, null,
        '2021-04-11 09:46:51.708000', null, null, null),
       (1040, null, 'testTagChild', 'TagType', null, true, false, null, null, false, null, '2021-04-11 09:46:51.916000',
        null, null, null),
       (1041, null, 'testTagAnotherChild', 'TagType', null, true, false, null, null, false, null,
        '2021-04-11 09:46:52.028000', null, null, null),
       (1042, null, 'a', 'TagType', null, true, false, null, null, false, null, '2021-04-11 09:46:52.312000', null,
        '2021-04-11 09:46:52.496000', null),
       (1043, null, 'b', 'TagType', null, true, false, null, null, false, null, '2021-04-11 09:46:52.526000', null,
        null, null),
       (1044, null, 'c', 'TagType', null, true, false, null, null, false, null, '2021-04-11 09:46:52.666000', null,
        null, null),
       (1045, 'main1', 'parent', 'TagType', null, null, null, null, null, false, null, null, null, null, null),
       (1046, null, 'testTag', 'TagType', null, true, false, null, null, false, null, '2021-04-11 09:46:52.818000',
        null, null, null),
       (1047, null, 'testTagSibling', 'TagType', null, true, false, null, null, false, null,
        '2021-04-11 09:46:52.942000', null, null, null),
       (1048, null, 'testTagSibling2', 'TagType', null, true, false, null, null, false, null,
        '2021-04-11 09:46:53.173000', null, null, null),
       (1049, null, 'testTagChild', 'TagType', null, true, false, null, null, false, null, '2021-04-11 09:46:53.407000',
        null, null, null),
       (1050, null, 'testTagAnotherChild', 'TagType', null, true, false, null, null, false, null,
        '2021-04-11 09:46:53.532000', null, null, null),
       (1051, null, 'a', 'TagType', null, true, false, null, null, false, null, '2021-04-11 09:46:53.832000', null,
        '2021-04-11 09:46:54.047000', null),
       (1052, null, 'b', 'TagType', null, true, false, null, null, false, null, '2021-04-11 09:46:54.075000', null,
        null, null),
       (1053, null, 'c', 'TagType', null, true, false, null, null, false, null, '2021-04-11 09:46:54.226000', null,
        null, null),
       (1054, 'main1', 'parent', 'TagType', null, null, null, null, null, false, null, null, null, null, null),
       (1055, null, 'testTag', 'TagType', null, true, false, null, null, false, null, '2021-04-11 09:46:54.422000',
        null, null, null),
       (1056, null, 'testTagSibling', 'TagType', null, true, false, null, null, false, null,
        '2021-04-11 09:46:54.561000', null, null, null),
       (1057, null, 'testTagSibling2', 'TagType', null, true, false, null, null, false, null,
        '2021-04-11 09:46:54.918000', null, null, null),
       (1058, null, 'testTagChild', 'TagType', null, true, false, null, null, false, null, '2021-04-11 09:46:55.204000',
        null, null, null),
       (1059, null, 'testTagAnotherChild', 'TagType', null, true, false, null, null, false, null,
        '2021-04-11 09:46:55.333000', null, null, null),
       (1060, null, 'a', 'TagType', null, true, false, null, null, false, null, '2021-04-11 09:46:55.637000', null,
        '2021-04-11 09:46:55.863000', null),
       (1061, null, 'b', 'TagType', null, true, false, null, null, false, null, '2021-04-11 09:46:55.886000', null,
        null, null),
       (1062, null, 'c', 'TagType', null, true, false, null, null, false, null, '2021-04-11 09:46:56.031000', null,
        null, null),
       (1063, 'main1', 'parent', 'TagType', null, null, null, null, null, false, null, null, null, null, null),
       (1064, null, 'testTag', 'TagType', null, true, false, null, null, false, null, '2021-04-11 09:46:56.213000',
        null, null, null),
       (1065, null, 'testTagSibling', 'TagType', null, true, false, null, null, false, null,
        '2021-04-11 09:46:56.366000', null, null, null),
       (1066, null, 'testTagSibling2', 'TagType', null, true, false, null, null, false, null,
        '2021-04-11 09:46:56.636000', null, null, null),
       (1067, null, 'testTagChild', 'TagType', null, true, false, null, null, false, null, '2021-04-11 09:46:57.037000',
        null, null, null),
       (1068, null, 'testTagAnotherChild', 'TagType', null, true, false, null, null, false, null,
        '2021-04-11 09:46:57.199000', null, null, null),
       (1069, null, 'a', 'TagType', null, true, false, null, null, false, null, '2021-04-11 09:46:57.521000', null,
        '2021-04-11 09:46:57.788000', null),
       (1070, null, 'b', 'TagType', null, true, false, null, null, false, null, '2021-04-11 09:46:57.812000', null,
        null, null),
       (1071, null, 'c', 'TagType', null, true, false, null, null, false, null, '2021-04-11 09:46:57.992000', null,
        null, null),
       (1072, 'main1', 'parent', 'TagType', null, null, null, null, null, false, null, null, null, null, null),
       (1073, null, 'testTag', 'TagType', null, true, false, null, null, false, null, '2021-04-11 09:46:58.175000',
        null, null, null),
       (1074, null, 'testTagSibling', 'TagType', null, true, false, null, null, false, null,
        '2021-04-11 09:46:58.342000', null, null, null),
       (1075, null, 'testTagSibling2', 'TagType', null, true, false, null, null, false, null,
        '2021-04-11 09:46:58.717000', null, null, null),
       (1076, null, 'testTagChild', 'TagType', null, true, false, null, null, false, null, '2021-04-11 09:46:59.001000',
        null, null, null),
       (1077, null, 'testTagAnotherChild', 'TagType', null, true, false, null, null, false, null,
        '2021-04-11 09:46:59.141000', null, null, null),
       (1078, null, 'a', 'TagType', null, true, false, null, null, false, null, '2021-04-11 09:46:59.484000', null,
        '2021-04-11 09:46:59.812000', null),
       (1079, null, 'b', 'TagType', null, true, false, null, null, false, null, '2021-04-11 09:46:59.873000', null,
        null, null),
       (1080, null, 'c', 'TagType', null, true, false, null, null, false, null, '2021-04-11 09:47:00.100000', null,
        null, null),
       (1081, 'main1', 'parent', 'TagType', null, null, null, null, null, false, null, null, null, null, null),
       (1082, null, 'testTag', 'TagType', null, true, false, null, null, false, null, '2021-04-11 09:47:00.310000',
        null, null, null),
       (1083, null, 'testTagSibling', 'TagType', null, true, false, null, null, false, null,
        '2021-04-11 09:47:00.485000', null, null, null),
       (1084, null, 'testTagSibling2', 'TagType', null, true, false, null, null, false, null,
        '2021-04-11 09:47:00.845000', null, null, null),
       (1085, null, 'testTagChild', 'TagType', null, true, false, null, null, false, null, '2021-04-11 09:47:01.214000',
        null, null, null),
       (1086, null, 'testTagAnotherChild', 'TagType', null, true, false, null, null, false, null,
        '2021-04-11 09:47:01.408000', null, null, null);

insert into public.tag_relation (tag_relation_id, child_tag_id, parent_tag_id)
values (238, 126, 393),
       (239, 163, 393),
       (240, 20, 393),
       (241, 67, 393),
       (242, 70, 393),
       (243, 230, 394),
       (244, 340, 394),
       (245, 74, 394),
       (246, 89, 394),
       (247, 395, 292),
       (248, 396, 292),
       (249, 397, 292),
       (250, 398, 292),
       (251, 399, 291),
       (252, 400, 291),
       (253, 401, 291),
       (254, 402, 291),
       (255, 403, null),
       (256, 7, 407),
       (257, 263, 410),
       (258, 78, 423),
       (259, 114, 423),
       (260, 234, 423),
       (261, 244, 423),
       (262, 260, 423),
       (263, 199, 429),
       (264, 204, 429),
       (265, 434, 368),
       (266, 435, 372),
       (267, 436, 376),
       (268, 437, 368),
       (269, 438, 376),
       (270, 439, 376),
       (271, 440, 375),
       (272, 441, 375),
       (273, 442, 375),
       (274, 443, 368),
       (275, 444, 378),
       (276, 445, 369),
       (277, 446, 423),
       (278, 447, 14),
       (279, 448, 370),
       (280, 449, 379),
       (281, 450, 379),
       (282, 451, 390),
       (283, 452, 390),
       (284, 453, 381),
       (285, 454, 386),
       (286, 455, 423),
       (287, 456, 423),
       (288, 457, 379),
       (289, 458, 392),
       (290, 459, 431),
       (291, 460, 382),
       (292, 461, 392),
       (293, 462, 378),
       (294, 463, 388),
       (295, 464, 377),
       (296, 465, 388),
       (297, 466, 376),
       (298, 467, 388),
       (299, 468, 403),
       (300, 469, 384),
       (301, 470, 367),
       (302, 471, null),
       (303, 472, 421),
       (304, 473, 375),
       (1, 30, 9),
       (2, 35, null),
       (3, 11, 35),
       (4, 39, null),
       (5, 40, null),
       (6, 49, 14),
       (7, 87, null),
       (8, 31, 88),
       (9, 123, 14),
       (10, 157, null),
       (11, 8, 157),
       (12, 93, 216),
       (13, 148, 216),
       (14, 246, null),
       (15, 197, 246),
       (16, 236, 313),
       (17, 265, 313),
       (18, 275, 313),
       (19, 283, 313),
       (20, 94, 367),
       (21, 235, 367),
       (22, 115, 368),
       (23, 369, null),
       (24, 86, 369),
       (25, 370, null),
       (26, 72, 370),
       (27, 85, 370),
       (28, 136, 370),
       (29, 137, 370),
       (30, 158, 370),
       (31, 196, 370),
       (32, 198, 370),
       (33, 280, 370),
       (34, 281, 370),
       (35, 4, 370),
       (36, 88, 371),
       (37, 9, 371),
       (38, 90, 372),
       (39, 124, 372),
       (40, 251, 372),
       (41, 257, 372),
       (42, 258, 372),
       (43, 38, 373),
       (44, 46, 373),
       (45, 159, 374),
       (46, 28, 375),
       (47, 73, 375),
       (48, 162, 375),
       (49, 233, 375),
       (50, 311, 375),
       (51, 61, 376),
       (52, 91, 376),
       (53, 105, 376),
       (54, 117, 376),
       (55, 121, 376),
       (56, 134, 376),
       (57, 161, 376),
       (58, 201, 376),
       (59, 47, 377),
       (60, 50, 377),
       (61, 54, 377),
       (62, 57, 377),
       (63, 112, 377),
       (64, 168, 377),
       (65, 169, 377),
       (66, 171, 377),
       (67, 173, 377),
       (68, 184, 377),
       (69, 185, 377),
       (70, 192, 377),
       (71, 193, 377),
       (72, 194, 377),
       (73, 232, 377),
       (74, 242, 377),
       (75, 243, 377),
       (76, 255, 377),
       (77, 259, 377),
       (78, 271, 377),
       (79, 272, 377),
       (80, 286, 377),
       (81, 308, 377),
       (82, 309, 377),
       (83, 69, 378),
       (84, 106, 378),
       (85, 146, 378),
       (86, 170, 378),
       (87, 203, 378),
       (88, 29, 379),
       (89, 129, 379),
       (90, 133, 379),
       (91, 183, 379),
       (92, 250, 379),
       (93, 256, 379),
       (94, 261, 379),
       (95, 195, 380),
       (96, 3, 380),
       (97, 5, 380),
       (98, 36, 381),
       (99, 37, 381),
       (100, 51, 381),
       (101, 71, 381),
       (102, 122, 381),
       (103, 125, 381),
       (104, 131, 381),
       (105, 202, 381),
       (106, 248, 381),
       (107, 277, 381),
       (108, 279, 381),
       (109, 128, 382),
       (110, 175, 382),
       (111, 176, 382),
       (112, 177, 382),
       (113, 178, 382),
       (114, 179, 382),
       (115, 181, 382),
       (116, 182, 382),
       (117, 274, 382),
       (118, 293, 382),
       (119, 294, 382),
       (120, 295, 382),
       (121, 350, 382),
       (122, 361, 382),
       (123, 80, 382),
       (124, 84, 382),
       (125, 383, null),
       (126, 63, 383),
       (127, 144, 383),
       (128, 145, 383),
       (129, 180, 383),
       (130, 270, 383),
       (131, 384, null),
       (132, 149, 384),
       (133, 150, 384),
       (134, 276, 384),
       (135, 385, 379),
       (136, 77, 385),
       (137, 318, 385),
       (138, 336, 385),
       (139, 347, 385),
       (140, 386, null),
       (141, 22, 386),
       (142, 25, 386),
       (143, 99, 386),
       (144, 102, 386),
       (145, 110, 386),
       (146, 113, 386),
       (147, 127, 386),
       (148, 130, 386),
       (149, 164, 386),
       (150, 188, 386),
       (151, 189, 386),
       (152, 190, 386),
       (153, 209, 386),
       (154, 210, 386),
       (155, 217, 386),
       (156, 231, 386),
       (157, 312, 386),
       (158, 338, 386),
       (159, 339, 386),
       (160, 341, 386),
       (161, 353, 386),
       (162, 356, 386),
       (163, 100, 388),
       (164, 101, 388),
       (165, 107, 388),
       (166, 108, 388),
       (167, 111, 388),
       (168, 116, 388),
       (169, 118, 388),
       (170, 119, 388),
       (171, 132, 388),
       (172, 151, 388),
       (173, 167, 388),
       (174, 187, 388),
       (175, 200, 388),
       (176, 208, 388),
       (177, 211, 388),
       (178, 213, 388),
       (179, 262, 388),
       (180, 287, 388),
       (181, 288, 388),
       (182, 349, 388),
       (183, 354, 388),
       (184, 357, 388),
       (185, 33, 388),
       (186, 34, 388),
       (187, 43, 388),
       (188, 48, 388),
       (189, 52, 388),
       (190, 58, 388),
       (191, 60, 388),
       (192, 141, 389),
       (193, 214, 389),
       (194, 225, 389),
       (195, 226, 389),
       (196, 390, 388),
       (197, 103, 390),
       (198, 104, 390),
       (199, 109, 390),
       (200, 120, 390),
       (201, 135, 390),
       (202, 191, 390),
       (203, 207, 390),
       (204, 212, 390),
       (205, 247, 390),
       (206, 249, 390),
       (207, 284, 390),
       (208, 289, 390),
       (209, 310, 390),
       (210, 355, 390),
       (211, 15, 390),
       (212, 16, 390),
       (213, 32, 390),
       (214, 45, 390),
       (215, 53, 390),
       (216, 55, 390),
       (217, 56, 390),
       (218, 59, 390),
       (219, 65, 390),
       (220, 75, 390),
       (221, 76, 390),
       (222, 81, 390),
       (223, 97, 390),
       (224, 98, 390),
       (225, 391, null),
       (226, 321, 391),
       (227, 322, 391),
       (228, 324, 391),
       (229, 325, 391),
       (230, 326, 391),
       (231, 392, null),
       (232, 221, 392),
       (233, 252, 392),
       (234, 273, 392),
       (235, 278, 392),
       (236, 23, 392),
       (237, 393, 378),
       (305, 331, 369),
       (306, 245, 403),
       (307, 307, 403),
       (308, 267, 404),
       (309, 268, 404),
       (310, 165, 405),
       (311, 186, 405),
       (312, 264, 405),
       (313, 406, 368),
       (314, 24, 407),
       (315, 142, 407),
       (316, 44, 409),
       (317, 62, 409),
       (318, 138, 409),
       (319, 147, 409),
       (320, 206, 409),
       (321, 238, 409),
       (322, 282, 409),
       (323, 41, 410),
       (324, 172, 410),
       (325, 285, 410),
       (326, 42, 411),
       (327, 139, 411),
       (328, 237, 411),
       (329, 92, 412),
       (330, 166, 412),
       (331, 95, 413),
       (332, 96, 413),
       (333, 140, 413),
       (334, 205, 413),
       (335, 253, 414),
       (336, 27, 421),
       (337, 269, 421),
       (338, 14, 423),
       (339, 26, 423),
       (340, 389, null),
       (341, 10, null),
       (342, 83, null),
       (343, 160, null),
       (344, 216, null),
       (345, 218, 160),
       (346, 219, 160),
       (347, 290, null),
       (348, 291, null),
       (349, 292, null),
       (350, 298, 216),
       (351, 302, 246),
       (352, 303, 246),
       (353, 305, null),
       (354, 300, 305),
       (355, 306, null),
       (356, 313, null),
       (357, 215, 313),
       (358, 222, 313),
       (359, 254, 313),
       (360, 299, 313),
       (361, 316, 160),
       (362, 317, 160),
       (363, 319, 292),
       (364, 320, null),
       (365, 323, 157),
       (366, 327, 306),
       (367, 328, 306),
       (368, 329, 291),
       (369, 330, 290),
       (370, 332, null),
       (371, 2, 332),
       (372, 64, 332),
       (373, 315, 332),
       (374, 333, null),
       (375, 155, 369),
       (376, 344, 332),
       (377, 363, 306),
       (378, 364, 306),
       (379, 365, 306),
       (380, 367, null),
       (381, 223, 367),
       (382, 224, 367),
       (383, 377, null),
       (384, 174, 377),
       (385, 296, 377),
       (386, 297, 377),
       (387, 334, 377),
       (388, 335, 377),
       (389, 343, 377),
       (390, 351, 377),
       (391, 358, 377),
       (392, 360, 377),
       (393, 378, null),
       (394, 68, 378),
       (395, 337, 378),
       (396, 348, 378),
       (397, 379, null),
       (398, 352, 379),
       (399, 359, 379),
       (400, 380, null),
       (401, 314, 380),
       (402, 381, 378),
       (403, 18, 381),
       (404, 345, 381),
       (405, 382, null),
       (406, 79, 382),
       (407, 371, null),
       (408, 372, 371),
       (409, 373, null),
       (410, 374, 371),
       (411, 6, 374),
       (412, 368, 374),
       (413, 375, 371),
       (414, 228, 375),
       (415, 376, null),
       (416, 387, null),
       (417, 388, null),
       (418, 19, 388),
       (419, 21, 388),
       (420, 227, 388),
       (421, 342, 388),
       (422, 304, 369),
       (423, 404, 87),
       (424, 405, null),
       (425, 1, 405),
       (426, 17, 405),
       (427, 407, null),
       (428, 301, 407),
       (429, 408, 370),
       (430, 409, null),
       (431, 229, 410),
       (432, 411, null),
       (433, 412, null),
       (434, 413, null),
       (435, 12, 413),
       (436, 220, 413),
       (437, 414, null),
       (438, 415, 332),
       (439, 416, 160),
       (440, 417, 305),
       (441, 418, 370),
       (442, 419, 305),
       (443, 420, 370),
       (444, 421, 371),
       (445, 394, 421),
       (446, 422, 305),
       (447, 423, null),
       (448, 13, 423),
       (449, 82, 423),
       (450, 410, 423),
       (451, 424, 305),
       (452, 425, 290),
       (453, 426, 290),
       (454, 427, 290),
       (455, 428, 290),
       (456, 429, null),
       (457, 346, 429),
       (458, 430, 423),
       (459, 66, 430),
       (460, 431, 373),
       (461, 432, null),
       (462, 433, null),
       (463, 143, 197),
       (464, 152, 197),
       (465, 153, 197),
       (466, 154, 197),
       (467, 156, 197),
       (468, 239, null),
       (469, 240, null),
       (470, 241, null),
       (471, 266, null),
       (9000, 505, 393),
       (9001, 506, 393),
       (1000, 1001, 1000),
       (1001, 1002, 1000),
       (1002, 1003, 1000),
       (1003, 1004, 1001),
       (1004, 1005, 1001),
       (1005, 1006, 369),
       (1006, 1007, 1006),
       (1007, 1008, 1007),
       (1008, 1010, 1009),
       (1009, 1011, 1009),
       (1010, 1012, 1009),
       (1011, 1013, 1010),
       (1012, 1014, 1010),
       (1013, 1015, 369),
       (1014, 1016, 1015),
       (1015, 1017, 1016),
       (1016, 1019, 1018),
       (1017, 1020, 1018),
       (1018, 1021, 1018),
       (1019, 1022, 1019),
       (1020, 1023, 1019),
       (1021, 1024, 369),
       (1022, 1025, 1024),
       (1023, 1026, 1025),
       (1024, 1028, 1027),
       (1025, 1029, 1027),
       (1026, 1030, 1027),
       (1027, 1031, 1028),
       (1028, 1032, 1028),
       (1029, 1033, 369),
       (1030, 1034, 1033),
       (1031, 1035, 1034),
       (1032, 1037, 1036),
       (1033, 1038, 1036),
       (1034, 1039, 1036),
       (1035, 1040, 1037),
       (1036, 1041, 1037),
       (1037, 1042, 369),
       (1038, 1043, 1042),
       (1039, 1044, 1043),
       (1040, 1046, 1045),
       (1041, 1047, 1045),
       (1042, 1048, 1045),
       (1043, 1049, 1046),
       (1044, 1050, 1046),
       (1045, 1051, 369),
       (1046, 1052, 1051),
       (1047, 1053, 1052),
       (1048, 1055, 1054),
       (1049, 1056, 1054),
       (1050, 1057, 1054),
       (1051, 1058, 1055),
       (1052, 1059, 1055),
       (1053, 1060, 369),
       (1054, 1061, 1060),
       (1055, 1062, 1061),
       (1056, 1064, 1063),
       (1057, 1065, 1063),
       (1058, 1066, 1063),
       (1059, 1067, 1064),
       (1060, 1068, 1064),
       (1061, 1069, 369),
       (1062, 1070, 1069),
       (1063, 1071, 1070),
       (1064, 1073, 1072),
       (1065, 1074, 1072),
       (1066, 1075, 1072),
       (1067, 1076, 1073),
       (1068, 1077, 1073),
       (1069, 1078, 369),
       (1070, 1079, 1078),
       (1071, 1080, 1079),
       (1072, 1082, 1081),
       (1073, 1083, 1081),
       (1074, 1084, 1081),
       (1075, 1085, 1082),
       (1076, 1086, 1082),
       (1077, 1087, 369),
       (1078, 1088, 1087),
       (1079, 1089, 1088),
       (1080, 1091, 1090),
       (1081, 1092, 1090),
       (1082, 1093, 1090),
       (1083, 1094, 1091),
       (1084, 1095, 1091),
       (1085, 1096, 369),
       (1086, 1097, 1096),
       (1087, 1098, 1097),
       (1088, 1100, 1099),
       (1089, 1101, 1099),
       (1090, 1102, 1099),
       (1091, 1103, 1100),
       (1092, 1104, 1100),
       (1093, 1105, 369),
       (1094, 1106, 1105),
       (1095, 1107, 1106),
       (1096, 1109, 1108),
       (1097, 1110, 1108),
       (1098, 1111, 1108),
       (1099, 1112, 1109),
       (1100, 1113, 1109),
       (1101, 1114, 369),
       (1102, 1115, 1114),
       (1103, 1116, 1115),
       (1104, 1118, 1117),
       (1105, 1119, 1117),
       (1106, 1120, 1117),
       (1107, 1121, 1118),
       (1108, 1122, 1118),
       (1109, 1123, 369),
       (1110, 1124, 1123),
       (1111, 1125, 1124),
       (1112, 1128, 1127),
       (1113, 1129, 1127),
       (1114, 1130, 1127),
       (1115, 1131, 1128),
       (1116, 1132, 1128),
       (1117, 1133, 369),
       (1118, 1134, 1133),
       (1119, 1135, 1134),
       (1120, 1137, 1136),
       (1121, 1138, 1136),
       (1122, 1139, 1136),
       (1123, 1140, 1137),
       (1124, 1141, 1137),
       (1125, 1142, 369),
       (1126, 1143, 1142),
       (1127, 1144, 1143),
       (1128, 1146, 1145),
       (1129, 1147, 1145),
       (1130, 1148, 1145),
       (1131, 1149, 1146),
       (1132, 1150, 1146),
       (1133, 1151, 369),
       (1134, 1152, 1151),
       (1135, 1153, 1152),
       (1136, 1154, 43),
       (1137, 1156, 1155),
       (1138, 1157, 1155),
       (1139, 1158, 1155),
       (1140, 1159, 1156),
       (1141, 1160, 1156),
       (1142, 1161, 369),
       (1143, 1162, 1161),
       (1144, 1163, 1162),
       (1145, 1165, 1164),
       (1146, 1166, 1164),
       (1147, 1167, 1164),
       (1148, 1168, 1165),
       (1149, 1169, 1165),
       (1150, 1170, 369),
       (1151, 1171, 1170),
       (1152, 1172, 1171),
       (1153, 1174, 1173),
       (1154, 1175, 1173),
       (1155, 1176, 1173),
       (1156, 1177, 1174),
       (1157, 1178, 1174),
       (1158, 1179, 369),
       (1159, 1180, 1179),
       (1160, 1181, 1180),
       (1161, 1183, 1182),
       (1162, 1184, 1182),
       (1163, 1185, 1182),
       (1164, 1186, 1183),
       (1165, 1187, 1183),
       (1166, 1188, 369),
       (1167, 1189, 1188),
       (1168, 1190, 1189);

insert into public.list_layout (layout_id, layout_type, name)
values (1, 'FineGrained', 'FineGrained'),
       (5, 'RoughGrained', 'RoughGrained'),
       (11, 'All', 'All'),
       (999, 'RoughGrained', 'ToDelete');

insert into public.list_category (category_id, name, layout_id, display_order, is_default)
values (1, 'Produce', 1, 1, null),
       (2, 'Meat', 1, 2, null),
       (3, 'Dairy', 1, 3, null),
       (4, 'Other Things', 1, 4, null),
       (5, 'Meat', 5, 5, null),
       (6, 'Produce', 5, 6, null),
       (7, 'Dairy', 5, 7, null),
       (8, 'Dry', 5, 8, null),
       (9, 'Other', 5, 9, null),
       (10, 'Frozen', 5, 10, null),
       (11, 'All', 11, 11, null),
       (1000, 'Animal Products', 1, 1, null),
       (1001, 'Bakery - Bread Products', 1, 1, null),
       (1002, 'Baking', 1, 1, null),
       (1003, 'Beef', 1, 1, null),
       (1004, 'Canned Fish', 1, 1, null),
       (1005, 'Canned Vegetables', 1, 1, null),
       (1006, 'Cereals', 1, 1, null),
       (1007, 'Cheese', 1, 1, null),
       (1008, 'Chicken', 1, 1, null),
       (1009, 'Coffee and Tea', 1, 1, null),
       (1010, 'Condiments', 1, 1, null),
       (1011, 'Drinks', 1, 1, null),
       (1012, 'Eggs and Dairy', 1, 1, null),
       (1013, 'Fish', 1, 1, null),
       (1014, 'Frozen', 1, 1, null),
       (1015, 'Household Supplies', 1, 1, null),
       (1016, 'Kitchen Supplies', 1, 1, null),
       (1017, 'Milk and Cream', 1, 1, null),
       (1018, 'Mutton', 1, 1, null),
       (1019, 'New', 1, 1, null),
       (1020, 'Nuts', 1, 1, null),
       (1021, 'Nuts, Grains and Dry Beans', 1, 1, null),
       (1022, 'Office Supplies', 1, 1, null),
       (1023, 'Oil and Vinegar', 1, 1, null),
       (1024, 'Personal Hygiene', 1, 1, null),
       (1025, 'Pork', 1, 1, null),
       (1026, 'Poultry', 1, 1, null),
       (1027, 'Prepared Meats', 1, 1, null),
       (1028, 'Prepared Soup', 1, 1, null),
       (1029, 'Produce', 1, 1, null),
       (1030, 'Rice', 1, 1, null),
       (1031, 'Snacks', 1, 1, null),
       (1032, 'Spices', 1, 1, null),
       (1033, 'Spreads', 1, 1, null),
       (1034, 'Tomato and Pasta Sauce', 1, 1, null),
       (1035, 'Vegetables', 1, 1, null),
       (1036, 'cleaning supplies', 1, 1, null),
       (1037, 'lunch meats', 1, 1, null),
       (1038, 'pasta', 1, 1, null),
       (1039, 'sausage', 1, 1, null),
       (1040, 'Not (yet) categorized', 1, 999, true),
       (1041, 'Not (yet) categorized', 5, 999, true),
       (1042, 'Not (yet) categorized', 11, 999, true),
       (500, 'One', 5, 1, null),
       (501, 'Two', 5, 3, null),
       (502, 'Three', 5, 5, null),
       (503, 'Four', 5, 7, null),
       (504, 'Parent', 5, 9, null),
       (505, 'FirstChild', 5, 11, null),
       (506, 'SecondChild', 5, 12, null),
       (510, 'One', 11, 1, null),
       (511, 'Two', 11, 3, null),
       (512, 'Three', 11, 5, null),
       (513, 'Four', 11, 7, null),
       (514, 'Parent', 11, 9, null);

insert into public.category_tags (category_id, tag_id)
values (11, 357),
       (11, 358),
       (11, 359),
       (11, 360),
       (11, 361),
       (11, 371),
       (11, 374),
       (11, 406),
       (11, 408),
       (11, 418),
       (11, 420),
       (11, 434),
       (11, 435),
       (11, 436),
       (11, 437),
       (11, 438),
       (11, 439),
       (11, 440),
       (11, 441),
       (11, 442),
       (11, 443),
       (9, 469),
       (11, 469),
       (9, 470),
       (11, 470),
       (5, 472),
       (11, 472),
       (5, 473),
       (11, 473),
       (8, 1),
       (11, 1),
       (9, 3),
       (11, 3),
       (7, 4),
       (11, 4),
       (9, 5),
       (11, 5),
       (11, 6),
       (5, 6),
       (9, 10),
       (11, 10),
       (8, 12),
       (11, 12),
       (8, 13),
       (11, 13),
       (6, 15),
       (11, 15),
       (6, 16),
       (11, 16),
       (8, 17),
       (11, 17),
       (7, 18),
       (11, 18),
       (6, 19),
       (11, 19),
       (7, 20),
       (11, 20),
       (6, 21),
       (11, 21),
       (8, 22),
       (11, 22),
       (8, 23),
       (11, 23),
       (8, 25),
       (11, 25),
       (8, 26),
       (11, 26),
       (11, 27),
       (5, 27),
       (5, 28),
       (11, 28),
       (8, 29),
       (11, 29),
       (5, 30),
       (11, 30),
       (5, 31),
       (11, 31),
       (6, 32),
       (11, 32),
       (6, 33),
       (11, 33),
       (6, 34),
       (11, 34),
       (7, 36),
       (11, 36),
       (7, 37),
       (11, 37),
       (5, 38),
       (11, 38),
       (9, 39),
       (11, 39),
       (9, 40),
       (11, 40),
       (8, 41),
       (11, 41),
       (8, 42),
       (11, 42),
       (6, 43),
       (11, 43),
       (8, 44),
       (11, 44),
       (6, 45),
       (11, 45),
       (5, 46),
       (11, 46),
       (8, 47),
       (11, 47),
       (6, 48),
       (11, 48),
       (8, 49),
       (11, 49),
       (8, 50),
       (11, 50),
       (7, 51),
       (11, 51),
       (8, 52),
       (11, 52),
       (6, 53),
       (11, 53),
       (8, 54),
       (11, 54),
       (6, 55),
       (11, 55),
       (11, 56),
       (11, 77),
       (8, 78),
       (11, 78),
       (8, 79),
       (11, 79),
       (8, 80),
       (11, 80),
       (6, 81),
       (11, 81),
       (8, 82),
       (11, 82),
       (9, 83),
       (11, 83),
       (8, 84),
       (11, 84),
       (8, 85),
       (11, 85),
       (5, 89),
       (11, 89),
       (10, 90),
       (11, 90),
       (8, 91),
       (11, 91),
       (8, 92),
       (11, 92),
       (9, 93),
       (11, 93),
       (9, 94),
       (11, 94),
       (8, 95),
       (11, 95),
       (8, 96),
       (11, 96),
       (6, 97),
       (11, 97),
       (6, 98),
       (11, 98),
       (8, 99),
       (11, 99),
       (6, 100),
       (11, 100),
       (6, 101),
       (11, 101),
       (11, 102),
       (8, 102),
       (6, 103),
       (11, 103),
       (6, 104),
       (11, 104),
       (8, 105),
       (11, 105),
       (7, 106),
       (11, 106),
       (6, 107),
       (11, 107),
       (6, 108),
       (11, 108),
       (6, 109),
       (11, 109),
       (8, 110),
       (11, 110),
       (6, 111),
       (11, 111),
       (8, 112),
       (11, 112),
       (8, 113),
       (11, 113),
       (8, 114),
       (11, 114),
       (5, 115),
       (11, 115),
       (6, 116),
       (11, 116),
       (8, 117),
       (11, 117),
       (6, 118),
       (11, 118),
       (6, 119),
       (11, 119),
       (6, 120),
       (11, 120),
       (8, 121),
       (11, 121),
       (7, 122),
       (11, 122),
       (8, 123),
       (11, 123),
       (5, 124),
       (11, 124),
       (7, 125),
       (11, 125),
       (7, 126),
       (11, 126),
       (8, 127),
       (11, 127),
       (8, 128),
       (11, 128),
       (8, 129),
       (11, 129),
       (8, 130),
       (11, 130),
       (7, 131),
       (11, 131),
       (8, 132),
       (11, 132),
       (8, 133),
       (11, 133),
       (8, 134),
       (11, 134),
       (6, 135),
       (11, 135),
       (5, 136),
       (11, 136),
       (8, 138),
       (11, 138),
       (8, 139),
       (11, 139),
       (8, 140),
       (11, 140),
       (9, 141),
       (11, 141),
       (9, 144),
       (11, 144),
       (9, 145),
       (11, 145),
       (7, 146),
       (11, 146),
       (8, 147),
       (11, 147),
       (9, 148),
       (11, 148),
       (9, 149),
       (11, 149),
       (9, 150),
       (11, 150),
       (6, 151),
       (11, 151),
       (9, 158),
       (11, 158),
       (5, 159),
       (11, 159),
       (8, 161),
       (11, 161),
       (5, 162),
       (11, 162),
       (7, 163),
       (11, 163),
       (8, 164),
       (11, 164),
       (8, 165),
       (11, 165),
       (8, 166),
       (11, 166),
       (6, 167),
       (11, 167),
       (8, 168),
       (11, 168),
       (8, 169),
       (11, 169),
       (7, 170),
       (11, 170),
       (8, 171),
       (11, 171),
       (8, 172),
       (11, 172),
       (8, 173),
       (11, 173),
       (8, 174),
       (11, 174),
       (8, 175),
       (11, 175),
       (8, 176),
       (11, 176),
       (8, 177),
       (11, 177),
       (8, 178),
       (11, 178),
       (8, 179),
       (11, 179),
       (9, 180),
       (11, 180),
       (8, 181),
       (11, 181),
       (8, 182),
       (11, 182),
       (8, 183),
       (11, 183),
       (8, 184),
       (11, 184),
       (8, 185),
       (11, 185),
       (8, 186),
       (11, 186),
       (6, 187),
       (11, 187),
       (8, 188),
       (11, 188),
       (8, 189),
       (11, 189),
       (8, 190),
       (11, 190),
       (6, 191),
       (11, 191),
       (8, 192),
       (11, 192),
       (8, 193),
       (11, 193),
       (8, 194),
       (11, 194),
       (9, 195),
       (11, 195),
       (8, 196),
       (11, 196),
       (8, 198),
       (11, 198),
       (6, 200),
       (11, 200),
       (7, 201),
       (11, 201),
       (7, 202),
       (11, 202),
       (7, 203),
       (11, 203),
       (8, 205),
       (11, 205),
       (8, 206),
       (11, 206),
       (6, 207),
       (11, 207),
       (6, 208),
       (11, 208),
       (8, 209),
       (11, 209),
       (8, 210),
       (11, 210),
       (6, 211),
       (11, 211),
       (6, 212),
       (11, 212),
       (8, 213),
       (11, 213),
       (9, 214),
       (11, 214),
       (9, 215),
       (11, 215),
       (8, 217),
       (11, 217),
       (8, 220),
       (11, 220),
       (8, 221),
       (11, 221),
       (9, 222),
       (11, 222),
       (9, 223),
       (11, 223),
       (9, 224),
       (11, 224),
       (9, 225),
       (11, 225),
       (9, 226),
       (11, 226),
       (6, 227),
       (11, 227),
       (5, 228),
       (11, 228),
       (8, 229),
       (11, 229),
       (5, 230),
       (11, 230),
       (8, 231),
       (11, 231),
       (8, 232),
       (11, 232),
       (5, 233),
       (11, 233),
       (8, 234),
       (11, 234),
       (9, 235),
       (11, 235),
       (9, 236),
       (11, 236),
       (8, 237),
       (11, 237),
       (8, 238),
       (11, 238),
       (8, 239),
       (11, 239),
       (8, 240),
       (11, 240),
       (8, 241),
       (11, 241),
       (8, 242),
       (11, 242),
       (8, 243),
       (11, 243),
       (8, 244),
       (11, 244),
       (10, 245),
       (11, 245),
       (6, 247),
       (11, 247),
       (7, 248),
       (11, 248),
       (6, 249),
       (11, 249),
       (8, 250),
       (11, 250),
       (5, 251),
       (11, 251),
       (8, 252),
       (11, 252),
       (8, 253),
       (11, 253),
       (9, 254),
       (11, 254),
       (8, 255),
       (11, 255),
       (8, 256),
       (11, 256),
       (5, 257),
       (11, 257),
       (5, 258),
       (11, 258),
       (8, 259),
       (11, 259),
       (8, 260),
       (11, 260),
       (8, 261),
       (11, 261),
       (6, 262),
       (11, 262),
       (6, 263),
       (11, 263),
       (8, 264),
       (11, 264),
       (9, 265),
       (11, 265),
       (9, 266),
       (11, 266),
       (5, 269),
       (11, 269),
       (9, 270),
       (11, 270),
       (8, 271),
       (11, 271),
       (8, 272),
       (11, 272),
       (8, 273),
       (11, 273),
       (8, 274),
       (11, 274),
       (9, 275),
       (11, 275),
       (9, 276),
       (11, 276),
       (7, 277),
       (11, 277),
       (9, 278),
       (11, 278),
       (7, 279),
       (11, 279),
       (8, 282),
       (11, 282),
       (9, 283),
       (11, 283),
       (6, 284),
       (11, 284),
       (8, 285),
       (11, 285),
       (8, 286),
       (11, 286),
       (6, 287),
       (11, 287),
       (6, 288),
       (11, 288),
       (6, 289),
       (11, 289),
       (8, 293),
       (11, 293),
       (8, 294),
       (11, 294),
       (8, 295),
       (11, 295),
       (8, 296),
       (11, 296),
       (8, 297),
       (11, 297),
       (9, 298),
       (11, 298),
       (9, 299),
       (11, 299),
       (8, 308),
       (11, 308),
       (8, 309),
       (11, 309),
       (6, 310),
       (11, 310),
       (5, 311),
       (11, 311),
       (8, 312),
       (11, 312),
       (8, 314),
       (11, 314),
       (8, 318),
       (11, 318),
       (8, 334),
       (11, 334),
       (8, 335),
       (11, 335),
       (8, 336),
       (11, 336),
       (7, 337),
       (11, 337),
       (8, 338),
       (11, 338),
       (8, 339),
       (11, 339),
       (5, 340),
       (11, 340),
       (8, 341),
       (11, 341),
       (6, 342),
       (11, 342),
       (8, 343),
       (11, 343),
       (7, 345),
       (11, 345),
       (8, 347),
       (11, 347),
       (7, 348),
       (11, 348),
       (6, 349),
       (11, 349),
       (8, 350),
       (11, 350),
       (8, 351),
       (11, 351),
       (8, 352),
       (11, 352),
       (8, 353),
       (11, 353),
       (6, 354),
       (6, 56),
       (8, 57),
       (11, 57),
       (6, 58),
       (11, 58),
       (6, 59),
       (11, 59),
       (6, 60),
       (11, 60),
       (8, 61),
       (11, 61),
       (8, 62),
       (11, 62),
       (9, 63),
       (11, 63),
       (6, 65),
       (11, 65),
       (8, 66),
       (11, 66),
       (7, 67),
       (11, 67),
       (7, 68),
       (11, 68),
       (7, 69),
       (11, 69),
       (7, 70),
       (11, 70),
       (7, 71),
       (11, 71),
       (8, 72),
       (11, 72),
       (5, 73),
       (11, 73),
       (5, 74),
       (11, 74),
       (6, 75),
       (11, 75),
       (6, 76),
       (11, 76),
       (8, 77),
       (11, 354),
       (6, 355),
       (11, 355),
       (8, 356),
       (11, 356),
       (6, 357),
       (8, 358),
       (8, 359),
       (8, 360),
       (8, 361),
       (5, 406),
       (9, 408),
       (9, 418),
       (5, 420),
       (5, 434),
       (5, 435),
       (8, 436),
       (8, 437),
       (8, 438),
       (8, 439),
       (5, 440),
       (2, 441),
       (6, 441),
       (5, 442),
       (5, 443),
       (7, 444),
       (11, 444),
       (6, 446),
       (11, 446),
       (8, 447),
       (11, 447),
       (8, 448),
       (11, 448),
       (8, 449),
       (11, 449),
       (8, 450),
       (11, 450),
       (6, 451),
       (11, 451),
       (6, 452),
       (11, 452),
       (7, 453),
       (11, 453),
       (8, 454),
       (11, 454),
       (8, 455),
       (11, 455),
       (6, 456),
       (11, 456),
       (8, 457),
       (11, 457),
       (8, 458),
       (11, 458),
       (8, 459),
       (11, 459),
       (8, 460),
       (11, 460),
       (8, 461),
       (11, 461),
       (7, 462),
       (11, 462),
       (6, 463),
       (11, 463),
       (8, 464),
       (11, 464),
       (6, 465),
       (11, 465),
       (8, 466),
       (11, 466),
       (6, 467),
       (11, 467),
       (10, 468),
       (11, 468),
       (1017, 126),
       (1017, 163),
       (1017, 20),
       (1017, 67),
       (1017, 70),
       (1039, 230),
       (1039, 340),
       (1039, 74),
       (1039, 89),
       (1020, 263),
       (1021, 78),
       (1021, 114),
       (1021, 234),
       (1021, 244),
       (1021, 260),
       (1008, 434),
       (1003, 435),
       (1038, 436),
       (1008, 437),
       (1038, 438),
       (1038, 439),
       (1025, 440),
       (1025, 441),
       (1025, 442),
       (1008, 443),
       (1012, 444),
       (1021, 446),
       (1030, 447),
       (1010, 449),
       (1010, 450),
       (1035, 451),
       (1035, 452),
       (1007, 453),
       (1005, 454),
       (1021, 455),
       (1021, 456),
       (1010, 457),
       (1011, 458),
       (1004, 459),
       (1002, 460),
       (1011, 461),
       (1012, 462),
       (1, 463),
       (1029, 463),
       (1032, 464),
       (1, 465),
       (1029, 465),
       (1038, 466),
       (1, 467),
       (1029, 467),
       (1014, 468),
       (1022, 469),
       (1000, 470),
       (1037, 472),
       (1025, 473),
       (1018, 30),
       (1030, 49),
       (1027, 31),
       (1030, 123),
       (1016, 93),
       (1016, 148),
       (1015, 236),
       (1015, 265),
       (1015, 275),
       (1015, 283),
       (1000, 94),
       (1000, 235),
       (1008, 115),
       (2, 88),
       (2, 9),
       (1003, 90),
       (1003, 124),
       (1003, 251),
       (1003, 257),
       (1003, 258),
       (1013, 38),
       (1013, 46),
       (1026, 159),
       (1025, 28),
       (1025, 73),
       (1025, 162),
       (1025, 233),
       (1025, 311),
       (1038, 61),
       (1038, 91),
       (1038, 105),
       (1038, 117),
       (1038, 121),
       (1038, 134),
       (1038, 161),
       (1038, 201),
       (1032, 47),
       (1032, 50),
       (1032, 54),
       (1032, 57),
       (1032, 112),
       (1032, 168),
       (1032, 169),
       (1032, 171),
       (1032, 173),
       (1032, 184),
       (1032, 185),
       (1032, 192),
       (1032, 193),
       (1032, 194),
       (1032, 232),
       (1032, 242),
       (1032, 243),
       (1032, 255),
       (1032, 259),
       (1032, 271),
       (1032, 272),
       (1032, 286),
       (1032, 308),
       (1032, 309),
       (1012, 69),
       (1012, 106),
       (1012, 146),
       (1012, 170),
       (1012, 203),
       (1010, 29),
       (1010, 129),
       (1010, 133),
       (1010, 183),
       (1010, 250),
       (1010, 256),
       (1010, 261),
       (1007, 36),
       (1007, 37),
       (1007, 51),
       (1007, 71),
       (1007, 122),
       (1007, 125),
       (1007, 131),
       (1007, 202),
       (1007, 248),
       (1007, 277),
       (1007, 279),
       (1002, 128),
       (1002, 175),
       (1002, 176),
       (1002, 177),
       (1002, 178),
       (1002, 179),
       (1002, 181),
       (1002, 182),
       (1002, 274),
       (1002, 293),
       (1002, 294),
       (1002, 295),
       (1002, 350),
       (1002, 361),
       (1002, 80),
       (1002, 84),
       (1036, 63),
       (1036, 144),
       (1036, 145),
       (1036, 180),
       (1036, 270),
       (1022, 149),
       (1022, 150),
       (1022, 276),
       (1010, 385),
       (1023, 77),
       (1023, 318),
       (1023, 336),
       (1023, 347),
       (1005, 22),
       (1005, 25),
       (1005, 99),
       (1005, 102),
       (1005, 110),
       (1005, 113),
       (1005, 127),
       (1005, 130),
       (1005, 164),
       (1005, 188),
       (1005, 189),
       (1005, 190),
       (1005, 209),
       (1005, 210),
       (1005, 217),
       (1005, 231),
       (1005, 312),
       (1005, 338),
       (1005, 339),
       (1005, 341),
       (1005, 353),
       (1005, 356),
       (1, 100),
       (1029, 100),
       (1, 101),
       (1029, 101),
       (1, 107),
       (1029, 107),
       (1, 108),
       (1029, 108),
       (1, 111),
       (1029, 111),
       (1, 116),
       (1029, 116),
       (1, 118),
       (1029, 118),
       (1, 119),
       (1029, 119),
       (1, 132),
       (1029, 132),
       (1, 151),
       (1029, 151),
       (1, 167),
       (1029, 167),
       (1, 187),
       (1029, 187),
       (1, 200),
       (1029, 200),
       (1, 208),
       (1029, 208),
       (1, 211),
       (1029, 211),
       (1, 213),
       (1029, 213),
       (1, 262),
       (1029, 262),
       (1, 287),
       (1029, 287),
       (1, 288),
       (1029, 288),
       (1, 349),
       (1029, 349),
       (1, 354),
       (1029, 354),
       (1, 357),
       (1029, 357),
       (1, 33),
       (1029, 33),
       (1, 34),
       (1029, 34),
       (1, 43),
       (1029, 43),
       (1, 48),
       (1029, 48),
       (1, 52),
       (1029, 52),
       (1, 58),
       (1029, 58),
       (1, 60),
       (1029, 60),
       (1024, 141),
       (1024, 214),
       (1024, 225),
       (1024, 226),
       (1, 390),
       (1029, 390),
       (1035, 103),
       (1035, 104),
       (1035, 109),
       (1035, 120),
       (1035, 135),
       (1035, 191),
       (1035, 207),
       (1035, 212),
       (1035, 247),
       (1035, 249),
       (1035, 284),
       (1035, 289),
       (1035, 310),
       (1035, 355),
       (1035, 15),
       (1035, 16),
       (1035, 32),
       (1035, 45),
       (1035, 53),
       (1035, 55),
       (1035, 56),
       (1035, 59),
       (1035, 65),
       (1035, 75),
       (1035, 76),
       (1035, 81),
       (1035, 97),
       (1035, 98),
       (1011, 221),
       (1011, 252),
       (1011, 273),
       (1011, 278),
       (1011, 23),
       (1012, 393),
       (1014, 245),
       (1014, 307),
       (1028, 165),
       (1028, 186),
       (1028, 264),
       (1008, 406),
       (1001, 44),
       (1001, 62),
       (1001, 138),
       (1001, 147),
       (1001, 206),
       (1001, 238),
       (1001, 282),
       (1020, 41),
       (1020, 172),
       (1020, 285),
       (1033, 42),
       (1033, 139),
       (1033, 237),
       (1034, 92),
       (1034, 166),
       (1031, 95),
       (1031, 96),
       (1031, 140),
       (1031, 205),
       (1009, 253),
       (1037, 27),
       (1037, 269),
       (1021, 14),
       (1021, 26),
       (1016, 298),
       (1015, 215),
       (1015, 222),
       (1015, 254),
       (1015, 299),
       (1000, 223),
       (1000, 224),
       (1032, 174),
       (1032, 296),
       (1032, 297),
       (1032, 334),
       (1032, 335),
       (1032, 343),
       (1032, 351),
       (1032, 358),
       (1032, 360),
       (1012, 68),
       (1012, 337),
       (1012, 348),
       (1010, 352),
       (1010, 359),
       (1012, 381),
       (1007, 18),
       (1007, 345),
       (1002, 79),
       (2, 372),
       (2, 374),
       (1026, 6),
       (1026, 368),
       (2, 375),
       (1025, 228),
       (1, 19),
       (1029, 19),
       (1, 21),
       (1029, 21),
       (1, 227),
       (1029, 227),
       (1, 342),
       (1029, 342),
       (1028, 1),
       (1028, 17),
       (1020, 229),
       (1031, 12),
       (1031, 220),
       (2, 421),
       (1037, 394),
       (1021, 13),
       (1021, 82),
       (1021, 410),
       (1021, 430),
       (1006, 66),
       (1013, 431),
       (3, 500),
       (1, 501),
       (1, 502),
       (2, 503),
       (501, 500),
       (501, 500),
       (511, 505),
       (510, 500),
       (511, 501),
       (512, 502),
       (513, 503),
       (514, 504),
       (1019, 331),
       (1019, 1096),
       (1019, 1105),
       (1019, 1114),
       (1019, 1123),
       (1019, 1133),
       (1019, 1142),
       (1019, 1151),
       (1019, 1161),
       (1019, 1170),
       (1019, 1087),
       (1019, 1179),
       (1019, 1006),
       (1019, 1015),
       (1019, 1024),
       (1019, 1033),
       (1019, 1042),
       (1019, 1051),
       (1019, 1060),
       (1019, 1069),
       (1019, 1078),
       (1019, 5),
       (1019, 448),
       (1019, 198),
       (1019, 137),
       (1019, 314),
       (1019, 196),
       (1019, 158),
       (1019, 418),
       (1019, 408),
       (1019, 72),
       (1019, 4),
       (1019, 280),
       (1019, 136),
       (1019, 85),
       (1019, 3),
       (1019, 195),
       (1019, 281),
       (1019, 445),
       (1019, 86),
       (1019, 420),
       (1019, 304),
       (1019, 155),
       (1019, 1188),
       (1040, 1087),
       (1040, 1088),
       (1040, 1089),
       (1040, 1091),
       (1040, 1092),
       (1040, 1093),
       (1040, 1094),
       (1040, 1095),
       (1040, 1096),
       (1040, 1097),
       (1040, 1098),
       (1040, 1100),
       (1040, 1101),
       (1040, 1102),
       (1040, 1103),
       (1040, 1104),
       (1040, 1105),
       (1040, 1106),
       (1040, 1107),
       (1040, 1109),
       (1040, 1110),
       (1040, 1111),
       (1040, 1112),
       (1040, 1113),
       (1040, 1114),
       (1040, 1115),
       (1040, 1116),
       (1040, 1118),
       (1040, 1119),
       (1040, 1120),
       (1040, 1121),
       (1040, 1122),
       (1040, 1123),
       (1040, 1124),
       (1040, 1125),
       (1040, 1128),
       (1040, 1129),
       (1040, 1130),
       (1040, 1131),
       (1040, 1132),
       (1040, 1133),
       (1040, 1134),
       (1040, 1135),
       (1040, 1137),
       (1040, 1138),
       (1040, 1139),
       (1040, 1140),
       (1040, 1141),
       (1040, 1142),
       (1040, 1143),
       (1040, 1144),
       (1040, 1146),
       (1040, 1147),
       (1040, 1148),
       (1040, 1149),
       (1040, 1150),
       (1040, 1151),
       (1040, 1152),
       (1040, 1153),
       (1040, 1154),
       (1040, 1156),
       (1040, 1157),
       (1040, 1158),
       (1040, 1159),
       (1040, 1160),
       (1040, 1161),
       (1040, 1162),
       (1040, 1163),
       (1040, 1165),
       (1040, 1166),
       (1040, 1167),
       (1040, 1168),
       (1040, 1169),
       (1040, 1170),
       (1040, 1171),
       (1040, 1172),
       (1040, 1174),
       (1040, 1175),
       (1040, 1176),
       (1040, 1177),
       (1040, 1178),
       (1040, 1179),
       (1040, 1180),
       (1040, 1181),
       (1040, 1183),
       (1040, 1184),
       (1040, 1185),
       (1040, 1186),
       (1040, 1187),
       (1040, 1188),
       (1040, 1189),
       (1040, 1001),
       (1040, 1002),
       (1040, 1003),
       (1040, 1004),
       (1040, 1005),
       (1040, 1006),
       (1040, 1007),
       (1040, 1008),
       (1040, 1010),
       (1040, 1011),
       (1040, 1012),
       (1040, 1013),
       (1040, 1014),
       (1040, 1015),
       (1040, 1016),
       (1040, 1017),
       (1040, 1019),
       (1040, 1020),
       (1040, 1021),
       (1040, 1022),
       (1040, 1023),
       (1040, 1024),
       (1040, 1025),
       (1040, 1026),
       (1040, 1028),
       (1040, 1029),
       (1040, 1030),
       (1040, 1031),
       (1040, 1032),
       (1040, 1033),
       (1040, 1034),
       (1040, 1035),
       (1040, 1037),
       (1040, 1038),
       (1040, 1039),
       (1040, 1040),
       (1040, 1041),
       (1040, 1042),
       (1040, 1043),
       (1040, 1044),
       (1040, 1046),
       (1040, 1047),
       (1040, 1048),
       (1040, 1049),
       (1040, 1050),
       (1040, 1051),
       (1040, 1052),
       (1040, 1053),
       (1040, 1055),
       (1040, 1056),
       (1040, 1057),
       (1040, 1058),
       (1040, 1059),
       (1040, 1060),
       (1040, 1061),
       (1040, 1062),
       (1040, 1064),
       (1040, 1065),
       (1040, 1066),
       (1040, 1067),
       (1040, 1068),
       (1040, 1069),
       (1040, 1070),
       (1040, 1071),
       (1040, 1073),
       (1040, 1074),
       (1040, 1075),
       (1040, 1076),
       (1040, 1077),
       (1040, 1078),
       (1040, 1079),
       (1040, 1080),
       (1040, 1082),
       (1040, 1083),
       (1040, 1084),
       (1040, 1085),
       (1040, 1086),
       (1040, 1190),
       (1041, 1087),
       (1041, 1088),
       (1041, 1089),
       (1041, 1091),
       (1041, 1092),
       (1041, 1093),
       (1041, 1094),
       (1041, 1095),
       (1041, 1096),
       (1041, 1097),
       (1041, 1098),
       (1041, 1100),
       (1041, 1101),
       (1041, 1102),
       (1041, 1103),
       (1041, 1104),
       (1041, 1105),
       (1041, 1106),
       (1041, 1107),
       (1041, 1109),
       (1041, 1110),
       (1041, 1111),
       (1041, 1112),
       (1041, 1113),
       (1041, 1114),
       (1041, 1115),
       (1041, 1116),
       (1041, 1118),
       (1041, 1119),
       (1041, 1120),
       (1041, 1121),
       (1041, 1122),
       (1041, 1123),
       (1041, 1124),
       (1041, 1125),
       (1041, 1128),
       (1041, 1129),
       (1041, 1130),
       (1041, 1131),
       (1041, 1132),
       (1041, 1133),
       (1041, 1134),
       (1041, 1135),
       (1041, 1137),
       (1041, 1138),
       (1041, 1139),
       (1041, 1140),
       (1041, 1141),
       (1041, 1142),
       (1041, 1143),
       (1041, 1144),
       (1041, 1146),
       (1041, 1147),
       (1041, 1148),
       (1041, 1149),
       (1041, 1150),
       (1041, 1151),
       (1041, 1152),
       (1041, 1153),
       (1041, 1154),
       (1041, 1156),
       (1041, 1157),
       (1041, 1158),
       (1041, 1159),
       (1041, 1160),
       (1041, 1161),
       (1041, 1162),
       (1041, 1163),
       (1041, 1165),
       (1041, 1166),
       (1041, 1167),
       (1041, 1168),
       (1041, 1169),
       (1041, 1170),
       (1041, 1171),
       (1041, 1172),
       (1041, 1174),
       (1041, 1175),
       (1041, 1176),
       (1041, 1177),
       (1041, 1178),
       (1041, 1179),
       (1041, 1180),
       (1041, 1181),
       (1041, 1183),
       (1041, 1184),
       (1041, 1185),
       (1041, 1186),
       (1041, 1187),
       (1041, 1188),
       (1041, 1189),
       (1041, 1001),
       (1041, 1002),
       (1041, 1003),
       (1041, 1004),
       (1041, 1005),
       (1041, 1006),
       (1041, 1007),
       (1041, 1008),
       (1041, 1010),
       (1041, 1011),
       (1041, 1012),
       (1041, 1013),
       (1041, 1014),
       (1041, 1015),
       (1041, 1016),
       (1041, 1017),
       (1041, 1019),
       (1041, 1020),
       (1041, 1021),
       (1041, 1022),
       (1041, 1023),
       (1041, 1024),
       (1041, 1025),
       (1041, 1026),
       (1041, 1028),
       (1041, 1029),
       (1041, 1030),
       (1041, 1031),
       (1041, 1032),
       (1041, 1033),
       (1041, 1034),
       (1041, 1035),
       (1041, 1037),
       (1041, 1038),
       (1041, 1039),
       (1041, 1040),
       (1041, 1041),
       (1041, 1042),
       (1041, 1043),
       (1041, 1044),
       (1041, 1046),
       (1041, 1047),
       (1041, 1048),
       (1041, 1049),
       (1041, 1050),
       (1041, 1051),
       (1041, 1052),
       (1041, 1053),
       (1041, 1055),
       (1041, 1056),
       (1041, 1057),
       (1041, 1058),
       (1041, 1059),
       (1041, 1060),
       (1041, 1061),
       (1041, 1062),
       (1041, 1064),
       (1041, 1065),
       (1041, 1066),
       (1041, 1067),
       (1041, 1068),
       (1041, 1069),
       (1041, 1070),
       (1041, 1071),
       (1041, 1073),
       (1041, 1074),
       (1041, 1075),
       (1041, 1076),
       (1041, 1077),
       (1041, 1078),
       (1041, 1079),
       (1041, 1080),
       (1041, 1082),
       (1041, 1083),
       (1041, 1084),
       (1041, 1085),
       (1041, 1086),
       (1041, 1190),
       (1042, 1087),
       (1042, 1088),
       (1042, 1089),
       (1042, 1091),
       (1042, 1092),
       (1042, 1093),
       (1042, 1094),
       (1042, 1095),
       (1042, 1096),
       (1042, 1097),
       (1042, 1098),
       (1042, 1100),
       (1042, 1101),
       (1042, 1102),
       (1042, 1103),
       (1042, 1104),
       (1042, 1105),
       (1042, 1106),
       (1042, 1107),
       (1042, 1109),
       (1042, 1110),
       (1042, 1111),
       (1042, 1112),
       (1042, 1113),
       (1042, 1114),
       (1042, 1115),
       (1042, 1116),
       (1042, 1118),
       (1042, 1119),
       (1042, 1120),
       (1042, 1121),
       (1042, 1122),
       (1042, 1123),
       (1042, 1124),
       (1042, 1125),
       (1042, 1128),
       (1042, 1129),
       (1042, 1130),
       (1042, 1131),
       (1042, 1132),
       (1042, 1133),
       (1042, 1134),
       (1042, 1135),
       (1042, 1137),
       (1042, 1138),
       (1042, 1139),
       (1042, 1140),
       (1042, 1141),
       (1042, 1142),
       (1042, 1143),
       (1042, 1144),
       (1042, 1146),
       (1042, 1147),
       (1042, 1148),
       (1042, 1149),
       (1042, 1150),
       (1042, 1151),
       (1042, 1152),
       (1042, 1153),
       (1042, 1154),
       (1042, 1156),
       (1042, 1157),
       (1042, 1158),
       (1042, 1159),
       (1042, 1160),
       (1042, 1161),
       (1042, 1162),
       (1042, 1163),
       (1042, 1165),
       (1042, 1166),
       (1042, 1167),
       (1042, 1168),
       (1042, 1169),
       (1042, 1170),
       (1042, 1171),
       (1042, 1172),
       (1042, 1174),
       (1042, 1175),
       (1042, 1176),
       (1042, 1177),
       (1042, 1178),
       (1042, 1179),
       (1042, 1180),
       (1042, 1181),
       (1042, 1183),
       (1042, 1184),
       (1042, 1185),
       (1042, 1186),
       (1042, 1187),
       (1042, 1188),
       (1042, 1189),
       (1042, 1001),
       (1042, 1002),
       (1042, 1003),
       (1042, 1004),
       (1042, 1005),
       (1042, 1006),
       (1042, 1007),
       (1042, 1008),
       (1042, 1010),
       (1042, 1011),
       (1042, 1012),
       (1042, 1013),
       (1042, 1014),
       (1042, 1015),
       (1042, 1016),
       (1042, 1017),
       (1042, 1019),
       (1042, 1020),
       (1042, 1021),
       (1042, 1022),
       (1042, 1023),
       (1042, 1024),
       (1042, 1025),
       (1042, 1026),
       (1042, 1028),
       (1042, 1029),
       (1042, 1030),
       (1042, 1031),
       (1042, 1032),
       (1042, 1033),
       (1042, 1034),
       (1042, 1035),
       (1042, 1037),
       (1042, 1038),
       (1042, 1039),
       (1042, 1040),
       (1042, 1041),
       (1042, 1042),
       (1042, 1043),
       (1042, 1044),
       (1042, 1046),
       (1042, 1047),
       (1042, 1048),
       (1042, 1049),
       (1042, 1050),
       (1042, 1051),
       (1042, 1052),
       (1042, 1053),
       (1042, 1055),
       (1042, 1056),
       (1042, 1057),
       (1042, 1058),
       (1042, 1059),
       (1042, 1060),
       (1042, 1061),
       (1042, 1062),
       (1042, 1064),
       (1042, 1065),
       (1042, 1066),
       (1042, 1067),
       (1042, 1068),
       (1042, 1069),
       (1042, 1070),
       (1042, 1071),
       (1042, 1073),
       (1042, 1074),
       (1042, 1075),
       (1042, 1076),
       (1042, 1077),
       (1042, 1078),
       (1042, 1079),
       (1042, 1080),
       (1042, 1082),
       (1042, 1083),
       (1042, 1084),
       (1042, 1085),
       (1042, 1086),
       (1042, 1190);
insert into public.category_relation (category_relation_id, child_category_id, parent_category_id)
values (500, 1, 2),
       (501, 3, 2),
       (502, 8, 7),
       (503, 9, 7),
       (504, 505, 504),
       (505, 506, 504);



insert into public.auto_tag_instructions (instruction_type, instruction_id, assign_tag_id, is_invert, search_terms,
                                          invert_filter)
values ('TAG', 1000, 346, false, '9;88;368;372;374;375', null),
       ('TEXT', 1, 301, false, 'Soup', 'false'),
       ('TEXT', 2, 323, false, 'Crock-pot;Crockpot;Crock pot', 'false'),
       ('TAG', 3, 346, false, '371', null),
       ('TAG', 4, 199, true, '371', '433');
insert into public.dish (dish_id, description, dish_name, user_id, last_added, auto_tag_status, created_on, reference)
values (1009, null, 'tagTest', null, null, null, null, null),
       (1010, null, 'tagTest', null, null, null, null, null),
       (1011, null, 'tagTest', null, null, null, null, null),
       (1012, null, 'tagTest', null, null, null, null, null),
       (1013, null, 'tagTest', null, null, null, null, null),
       (1014, null, 'tagTest', null, null, null, null, null),
       (1015, null, 'tagTest', null, null, null, null, null),
       (1016, null, 'tagTest', null, null, null, null, null),
       (1017, null, 'tagTest', null, null, null, null, null),
       (1018, null, 'tagTest', null, null, null, null, null),
       (1019, null, 'tagTest', null, null, null, null, null),
       (1020, null, 'tagTest', null, null, null, null, null),
       (1, null, 'Israeli CousIIcous', 20, null, 105, '2021-04-11 11:45:31.481360', null),
       (2, null, 'Breakfast Casserole', 20, null, 105, '2021-04-11 11:44:31.481360', null),
       (3, null, 'dijon-tarragon cream chicken', 20, null, 105, '2021-04-11 11:43:31.481360', null),
       (4, null, 'Thai Chicken with Basil Stir-Fry', 20, null, null, '2021-04-11 11:42:31.481360', null),
       (5, null, 'red beans and rice', 20, null, null, '2021-04-11 11:41:31.481360', null),
       (6, null, 'chicken estragon', 20, null, null, '2021-04-11 11:40:31.481360', null),
       (7, null, 'quick chicken curry', 20, null, null, '2021-04-11 11:39:31.481360', null),
       (8, null, 'spicy pumpkin chili', 20, null, null, '2021-04-11 11:38:31.481360', null),
       (9, null, 'ginger beef', 20, null, null, '2021-04-11 11:37:31.481360', null),
       (10, null, 'four vegetable soup', 20, null, null, '2021-04-11 11:36:31.481360', null),
       (11, null, 'seared pork chops with mushroom gravy', 20, null, null, '2021-04-11 11:35:31.481360', null),
       (12, null, 'greek island chicken', 20, null, null, '2021-04-11 11:34:31.481360', null),
       (14, null, 'Pecan-Crusted Pork with Pumpkin Butter', 20, null, null, '2021-04-11 11:32:31.481360', null),
       (15, null, 'Chef John''s Salmon Cakes', 20, null, null, '2021-04-11 11:31:31.481360', null),
       (17, null, 'pasta with butternut squash, spinach and prosciutto', 20, null, null, '2021-04-11 11:29:31.481360',
        null),
       (18, null, 'cod with leeks, tomatoes, and olives', 20, null, null, '2021-04-11 11:28:31.481360', null),
       (19, null, 'lamb and eggplant pasta with goat cheese', 20, null, null, '2021-04-11 11:27:31.481360', null),
       (20, null, 'skillet lemon chicken with rice and peas', 20, null, null, '2021-04-11 11:26:31.481360', null),
       (21, null, 'steak with blue cheese butter and sour cream potatoes', 20, null, null, '2021-04-11 11:25:31.481360',
        null),
       (22, null, 'pork chops with roasted red pepper cream', 20, null, null, '2021-04-11 11:24:31.481360', null),
       (23, null, 'cod with tarragon and potatoes', 20, null, null, '2021-04-11 11:23:31.481360', null),
       (47, null, 'Chicken Cassolet', 20, null, null, '2021-04-11 10:59:31.481360', null),
       (48, null, 'quick pasta primavera', 20, null, null, '2021-04-11 10:58:31.481360', null),
       (49, null, 'moroccan chicken soup', 20, null, null, '2021-04-11 10:57:31.481360', null),
       (50, null, 'farfalla with sun-dried tomatoes, arugula and goat cheese', 20, null, null,
        '2021-04-11 10:56:31.481360', null),
       (51, null, 'pan-seared chicken with mushrooms and boursin', 20, null, null, '2021-04-11 10:55:31.481360', null),
       (52, null, 'crispy dijon chicken breasts', 20, null, null, '2021-04-11 10:54:31.481360', null),
       (53, null, 'pasta with lemony chicken and asparagus', 20, null, null, '2021-04-11 10:53:31.481360', null),
       (54, null, 'Broccoli Beef', 20, null, null, '2021-04-11 10:52:31.481360', null),
       (55, null, 'Chef John''s Beef Goulash', 20, null, null, '2021-04-11 10:51:31.481360', null),
       (56, null, 'Hoppin'' John', 20, null, null, '2021-04-11 10:50:31.481360', null),
       (57, null, 'snickerdoodles', 20, null, null, '2021-04-11 10:49:31.481360', null),
       (58, null, 'hot spiced cider', 20, null, null, '2021-04-11 10:48:31.481360', null),
       (59, null, 'buckeyes', 20, null, null, '2021-04-11 10:47:31.481360', null),
       (60, null, 'Salmon with Asparagus and Chive Butter Sauce', 20, null, null, '2021-04-11 10:46:31.481360', null),
       (61, null, 'Slow Cooker Beef Stew', 20, null, null, '2021-04-11 10:45:31.481360', null),
       (62, null, 'Fish Tacos', 20, null, null, '2021-04-11 10:44:31.481360', null),
       (63, null, 'Tuna and Pasta Salad', 20, null, null, '2021-04-11 10:43:31.481360', null),
       (64, null, 'Chef John''s Chicken Kiev', 20, null, null, '2021-04-11 10:42:31.481360', null),
       (99, null, 'Swedish Beef Crockpot', 20, null, null, '2021-04-11 10:07:31.481360', null),
       (106, null, 'Quiche Lorraine', 20, null, null, '2021-04-11 10:00:31.481360', null),
       (13, null, 'green chili', 20, '2018-01-12 23:00:00.000000', null, '2021-04-11 11:33:31.481360', null),
       (16, null, 'Cheeseburger Macaroni', 20, '2018-02-03 07:22:03.125000', null, '2021-04-11 11:30:31.481360', null),
       (24, null, 'ble', 20, '2018-01-27 23:00:00.000000', null, '2021-04-11 11:22:31.481360', null),
       (25, null, 'Ham and Potato Soup', 20, '2018-02-24 12:33:40.506000', null, '2021-04-11 11:21:31.481360', null),
       (26, null, 'slow cooker black bean soup', 20, '2018-02-07 23:00:00.000000', null, '2021-04-11 11:20:31.481360',
        null),
       (27, null, 'tuna casserole I', 20, '2017-12-08 23:00:00.000000', null, '2021-04-11 11:19:31.481360', null),
       (28, null, 'Porcupine Meatballs', 20, '2018-01-12 23:00:00.000000', null, '2021-04-11 11:18:31.481360', null),
       (29, null, 'Broiled Salmon with Potato Crust', 20, '2018-01-05 23:00:00.000000', null,
        '2021-04-11 11:17:31.481360', null),
       (30, null, 'chocolate crinkles', 20, '2017-12-09 23:00:00.000000', null, '2021-04-11 11:16:31.481360', null),
       (31, null, 'garbanzo bean salad', 20, '2017-11-17 23:00:00.000000', null, '2021-04-11 11:15:31.481360', null),
       (32, null, 'christmas bread', 20, '2017-12-22 23:00:00.000000', null, '2021-04-11 11:14:31.481360', null),
       (33, null, 'homemade eggnog', 20, '2017-12-09 23:00:00.000000', null, '2021-04-11 11:13:31.481360', null),
       (34, null, 'ginger candied carrots', 20, '2017-12-22 23:00:00.000000', null, '2021-04-11 11:12:31.481360', null),
       (35, null, 'pecan pie cookies', 20, '2017-12-09 23:00:00.000000', null, '2021-04-11 11:11:31.481360', null),
       (36, null, 'Frozen Dinner', 20, '2018-02-24 12:33:40.506000', null, '2021-04-11 11:10:31.481360', null),
       (37, null, 'lentils and spicy sausage', 20, '2018-01-27 23:00:00.000000', null, '2021-04-11 11:09:31.481360',
        null),
       (38, null, 'tuna caper spaghetti', 20, '2017-12-08 23:00:00.000000', null, '2021-04-11 11:08:31.481360', null),
       (39, null, 'carbonara', 20, '2018-02-02 23:00:00.000000', null, '2021-04-11 11:07:31.481360', null),
       (40, null, 'Split Pea and Ham Soup', 20, '2017-12-01 23:00:00.000000', null, '2021-04-11 11:06:31.481360', null),
       (41, null, 'pizzadillas', 20, '2018-01-12 23:00:00.000000', null, '2021-04-11 11:05:31.481360', null),
       (42, null, 'Lentil and Bulgur Pilaf', 20, '2018-01-12 23:00:00.000000', null, '2021-04-11 11:04:31.481360',
        null),
       (43, null, 'arrugula gnocchi', 20, '2018-02-07 23:00:00.000000', null, '2021-04-11 11:03:31.481360', null),
       (44, null, 'Red Chili', 20, '2018-02-10 17:56:28.335000', null, '2021-04-11 11:02:31.481360', null),
       (45, null, 'broccoli and carrots', 20, '2018-02-10 17:56:28.335000', null, '2021-04-11 11:01:31.481360', null),
       (46, null, 'curry lentils', 20, '2018-02-10 17:56:28.335000', null, '2021-04-11 11:00:31.481360', null),
       (65, null, 'Slow Cooker Chicken Chili', 20, '2018-02-02 23:00:00.000000', null, '2021-04-11 10:41:31.481360',
        null),
       (66, null, 'Vegetarian Korma', 20, '2018-02-03 07:22:03.125000', null, '2021-04-11 10:40:31.481360', null),
       (67, null, 'Pie Crust', 20, '2017-11-20 23:00:00.000000', null, '2021-04-11 10:39:31.481360', null),
       (68, null, 'Sweet Potato Casserole', 20, '2017-11-20 23:00:00.000000', null, '2021-04-11 10:38:31.481360', null),
       (69, null, 'Zucchini Soup', 20, '2018-01-19 23:00:00.000000', null, '2021-04-11 10:37:31.481360', null),
       (70, null, 'pan-seared cod with herb butter sauce', 20, '2018-01-27 23:00:00.000000', null,
        '2021-04-11 10:36:31.481360', null),
       (71, null, 'pecan sandies', 20, '2017-12-09 23:00:00.000000', null, '2021-04-11 10:35:31.481360', null),
       (72, null, 'Pumpkin Pie filling', 20, '2017-11-20 23:00:00.000000', null, '2021-04-11 10:34:31.481360', null),
       (73, null, 'fudge', 20, '2017-12-09 23:00:00.000000', null, '2021-04-11 10:33:31.481360', null),
       (74, null, 'couscous', 20, '2017-12-08 23:00:00.000000', null, '2021-04-11 10:32:31.481360', null),
       (75, null, 'cranberry sauce', 20, '2017-11-20 23:00:00.000000', null, '2021-04-11 10:31:31.481360', null),
       (76, null, 'beef pumpkin stew', 20, '2018-01-27 23:00:00.000000', null, '2021-04-11 10:30:31.481360', null),
       (77, null, 'Beef and Guiness Stew', 20, '2017-11-10 23:00:00.000000', null, '2021-04-11 10:29:31.481360', null),
       (78, null, 'Tomato Bacon Pasta', 20, '2018-01-19 23:00:00.000000', null, '2021-04-11 10:28:31.481360', null),
       (79, null, 'gingerbread', 20, '2017-12-09 23:00:00.000000', null, '2021-04-11 10:27:31.481360', null),
       (80, null, 'moroccan stew', 20, '2017-12-15 23:00:00.000000', null, '2021-04-11 10:26:31.481360', null),
       (81, null, 'Crock Pot Chicken Jambalaya', 20, '2018-01-19 23:00:00.000000', null, '2021-04-11 10:25:31.481360',
        null),
       (82, null, 'Crock Pot Olive Garden Pasta', 20, '2017-11-17 23:00:00.000000', null, '2021-04-11 10:24:31.481360',
        null),
       (83, null, 'Kate Salad', 20, '2018-01-05 23:00:00.000000', null, '2021-04-11 10:23:31.481360', null),
       (84, null, 'Prosciutto-Wrapped Cod', 20, '2017-11-17 23:00:00.000000', null, '2021-04-11 10:22:31.481360', null),
       (85, null, 'cod with mediterranean salsa', 20, '2017-11-10 23:00:00.000000', null, '2021-04-11 10:21:31.481360',
        null),
       (86, null, 'pea and ham pasta', 20, '2018-02-24 12:33:40.506000', null, '2021-04-11 10:20:31.481360', null),
       (87, null, 'mixed veggies', 20, '2017-11-17 23:00:00.000000', null, '2021-04-11 10:19:31.481360', null),
       (88, null, 'golden chicken rice', 20, '2018-01-05 23:00:00.000000', null, '2021-04-11 10:18:31.481360', null),
       (89, null, 'Gulliver''s Creamed Corn', 20, '2017-11-20 23:00:00.000000', null, '2021-04-11 10:17:31.481360',
        null),
       (90, null, 'scoozi', 20, '2017-12-01 23:00:00.000000', null, '2021-04-11 10:16:31.481360', null),
       (91, null, 'red pepper risotto', 20, '2018-02-24 12:33:40.506000', null, '2021-04-11 10:15:31.481360', null),
       (92, null, 'Mom''s Stuffing', 20, '2017-11-20 23:00:00.000000', null, '2021-04-11 10:14:31.481360', null),
       (93, null, 'Turkey Gravy', 20, '2017-11-20 23:00:00.000000', null, '2021-04-11 10:13:31.481360', null),
       (94, null, 'madame farfalla', 20, '2017-11-10 23:00:00.000000', null, '2021-04-11 10:12:31.481360', null),
       (95, null, 'French Onion Soup', 20, '2017-12-22 23:00:00.000000', null, '2021-04-11 10:11:31.481360', null),
       (96, null, 'heuvos rancheros', 20, '2018-01-27 23:00:00.000000', null, '2021-04-11 10:10:31.481360', null),
       (97, null, 'mashed potatoes', 20, '2018-02-24 12:33:40.506000', null, '2021-04-11 10:09:31.481360', null),
       (98, null, 'quick burgers and pasta', 20, '2018-02-10 17:56:28.335000', null, '2021-04-11 10:08:31.481360',
        null),
       (100, null, 'crispy cucumber salad', 20, '2018-01-27 23:00:00.000000', null, '2021-04-11 10:06:31.481360', null),
       (101, null, 'crockpot corn chowder', 20, '2018-02-10 17:56:28.335000', null, '2021-04-11 10:05:31.481360', null),
       (102, null, 'quiche lorraine', 20, '2018-02-17 10:22:14.130000', null, '2021-04-11 10:04:31.481360', null),
       (103, null, 'Cream of Roasted Carrot Soup', 20, '2018-02-17 10:22:14.130000', null, '2021-04-11 10:03:31.481360',
        null),
       (104, null, 'schnitzel with sauce', 20, '2018-02-24 12:33:40.506000', null, '2021-04-11 10:02:31.481360', null),
       (105, null, 'Chicken Flautas', 20, '2018-02-24 12:33:40.506000', null, '2021-04-11 10:01:31.481360', null),
       (107, null, 'tuna casserole II', 20, '2018-02-17 10:22:14.130000', null, '2021-04-11 09:59:31.481360', null),
       (108, null, 'chocolate chip cookies', 20, '2018-02-17 10:22:14.130000', null, '2021-04-11 09:58:31.481360',
        null),
       (109, null, 'Stir Fry - Mostly Green with Orange', 20, '2018-02-17 10:22:14.130000', null,
        '2021-04-11 09:57:31.481360', null),
       (110, null, 'Jack Salad', 20, '2018-02-17 10:22:14.130000', null, '2021-04-11 09:56:31.481360', null),
       (111, null, 'to delete', 20, '2018-02-24 12:21:01.186000', null, '2021-04-11 09:55:31.481360', null),
       (112, null, 'side salad', 20, '2018-02-24 12:33:40.506000', null, '2021-04-11 09:54:31.481360', null),
       (113, null, 'Side of Rice', 20, '2018-02-24 12:33:40.506000', null, '2021-04-11 09:53:31.481360', null),
       (114, null, 'peas, carrots and corn', 20, '2018-02-24 12:33:40.506000', null, '2021-04-11 09:52:31.481360',
        null),
       (115, null, 'Boo-yah', 20, '2018-02-24 12:33:40.506000', null, '2021-04-11 09:51:31.481360', null),
       (500, null, 'dish1', 500, null, null, null, null),
       (501, null, 'dish2', 500, null, null, null, null),
       (502, null, 'dish3', 500, null, null, null, null),
       (503, null, 'dish4', 500, null, null, null, null),
       (603, null, 'dish4', 500, null, null, null, null),
       (504, null, 'dish4', 500, null, null, null, null),
       (1000, null, 'tagTest', null, null, null, null, null),
       (1001, null, 'tagTest', null, null, null, null, null),
       (1002, null, 'tagTest', null, null, null, null, null),
       (1003, null, 'tagTest', null, null, null, null, null),
       (1004, null, 'tagTest', null, null, null, null, null),
       (1005, null, 'tagTest', null, null, null, null, null),
       (1006, null, 'tagTest', null, null, null, null, null),
       (1007, null, 'tagTest', null, null, null, null, null),
       (1008, null, 'tagTest', null, null, null, null, null);
insert into public.dish_tags (dish_id, tag_id)
values (109, 13),
       (109, 15),
       (115, 15),
       (109, 16),
       (115, 16),
       (109, 19),
       (109, 21),
       (114, 25),
       (115, 25),
       (112, 32),
       (110, 33),
       (112, 33),
       (110, 34),
       (112, 34),
       (110, 36),
       (109, 41),
       (115, 59),
       (109, 81),
       (112, 81),
       (114, 81),
       (115, 81),
       (115, 101),
       (115, 110),
       (113, 123),
       (114, 155),
       (115, 165),
       (115, 185),
       (115, 187),
       (111, 199),
       (112, 199),
       (113, 199),
       (114, 199),
       (109, 212),
       (109, 217),
       (114, 245),
       (115, 251),
       (109, 256),
       (115, 301),
       (115, 307),
       (115, 315),
       (109, 318),
       (109, 320),
       (111, 320),
       (115, 320),
       (115, 321),
       (115, 328),
       (110, 336),
       (108, 337),
       (108, 344),
       (109, 344),
       (110, 344),
       (111, 344),
       (112, 344),
       (113, 344),
       (114, 344),
       (115, 346),
       (115, 346),
       (108, 348),
       (108, 350),
       (108, 360),
       (115, 360),
       (108, 361),
       (115, 397),
       (115, 400),
       (115, 419),
       (115, 426),
       (110, 432),
       (112, 432),
       (113, 432),
       (114, 432),
       (108, 433),
       (96, 1),
       (74, 2),
       (101, 2),
       (101, 2),
       (103, 2),
       (103, 2),
       (106, 4),
       (105, 11),
       (28, 12),
       (5, 13),
       (27, 13),
       (28, 13),
       (56, 13),
       (88, 13),
       (5, 15),
       (10, 15),
       (26, 15),
       (28, 15),
       (40, 15),
       (77, 15),
       (81, 15),
       (82, 15),
       (92, 15),
       (101, 15),
       (101, 15),
       (107, 15),
       (4, 16),
       (5, 16),
       (6, 16),
       (8, 16),
       (10, 16),
       (11, 16),
       (12, 16),
       (13, 16),
       (16, 16),
       (19, 16),
       (20, 16),
       (22, 16),
       (24, 16),
       (26, 16),
       (28, 16),
       (37, 16),
       (38, 16),
       (40, 16),
       (42, 16),
       (44, 16),
       (46, 16),
       (47, 16),
       (49, 16),
       (55, 16),
       (56, 16),
       (61, 16),
       (63, 16),
       (65, 16),
       (66, 16),
       (69, 16),
       (77, 16),
       (78, 16),
       (80, 16),
       (81, 16),
       (82, 16),
       (86, 16),
       (88, 16),
       (91, 16),
       (92, 16),
       (93, 16),
       (95, 16),
       (99, 16),
       (103, 16),
       (105, 16),
       (107, 16),
       (28, 17),
       (2, 18),
       (13, 18),
       (16, 18),
       (44, 18),
       (56, 18),
       (95, 18),
       (96, 18),
       (107, 18),
       (4, 19),
       (6, 19),
       (8, 19),
       (10, 19),
       (12, 19),
       (13, 19),
       (16, 19),
       (18, 19),
       (19, 19),
       (20, 19),
       (22, 19),
       (23, 19),
       (26, 19),
       (37, 19),
       (39, 19),
       (40, 19),
       (42, 19),
       (44, 19),
       (47, 19),
       (48, 19),
       (50, 19),
       (53, 19),
       (1009, 1088),
       (55, 19),
       (61, 19),
       (64, 19),
       (65, 19),
       (66, 19),
       (77, 19),
       (78, 19),
       (80, 19),
       (84, 19),
       (86, 19),
       (91, 19),
       (103, 19),
       (105, 19),
       (107, 19),
       (16, 20),
       (45, 21),
       (1009, 1089),
       (90, 21),
       (90, 22),
       (6, 23),
       (6, 23),
       (12, 23),
       (17, 23),
       (18, 23),
       (51, 23),
       (60, 23),
       (70, 23),
       (86, 23),
       (90, 23),
       (91, 23),
       (93, 23),
       (103, 23),
       (9, 24),
       (17, 24),
       (38, 24),
       (39, 24),
       (43, 24),
       (48, 24),
       (53, 24),
       (78, 24),
       (82, 24),
       (86, 24),
       (89, 25),
       (101, 25),
       (101, 25),
       (5, 26),
       (17, 27),
       (84, 27),
       (56, 28),
       (5, 28),
       (65, 29),
       (82, 29),
       (5, 29),
       (19, 30),
       (94, 31),
       (94, 32),
       (94, 34),
       (105, 36),
       (1010, 1097),
       (29, 38),
       (60, 38),
       (18, 46),
       (23, 46),
       (70, 46),
       (84, 46),
       (85, 46),
       (15, 47),
       (55, 47),
       (64, 47),
       (79, 47),
       (81, 47),
       (89, 47),
       (21, 48),
       (21, 48),
       (91, 49),
       (6, 49),
       (6, 49),
       (80, 50),
       (91, 50),
       (6, 50),
       (6, 50),
       (6, 51),
       (6, 51),
       (23, 52),
       (6, 52),
       (6, 52),
       (10, 52),
       (6, 53),
       (6, 53),
       (34, 54),
       (55, 54),
       (10, 55),
       (51, 55),
       (70, 55),
       (85, 55),
       (1010, 1098),
       (10, 56),
       (10, 57),
       (18, 57),
       (40, 57),
       (42, 57),
       (55, 57),
       (103, 57),
       (10, 58),
       (17, 58),
       (40, 58),
       (70, 58),
       (77, 58),
       (93, 58),
       (10, 59),
       (21, 59),
       (21, 59),
       (23, 59),
       (10, 60),
       (55, 61),
       (76, 61),
       (107, 61),
       (9, 61),
       (14, 62),
       (15, 62),
       (23, 62),
       (27, 62),
       (52, 62),
       (64, 62),
       (104, 62),
       (107, 62),
       (31, 64),
       (42, 64),
       (66, 64),
       (105, 64),
       (106, 64),
       (5, 64),
       (27, 67),
       (32, 67),
       (33, 67),
       (57, 67),
       (72, 67),
       (73, 67),
       (89, 67),
       (101, 67),
       (101, 67),
       (107, 67),
       (2, 69),
       (15, 69),
       (30, 69),
       (32, 69),
       (33, 69),
       (57, 69),
       (64, 69),
       (68, 69),
       (72, 69),
       (79, 69),
       (92, 69),
       (96, 69),
       (102, 69),
       (104, 69),
       (106, 69),
       (27, 71),
       (102, 71),
       (106, 71),
       (102, 72),
       (106, 73),
       (40, 74),
       (77, 74),
       (78, 74),
       (102, 74),
       (100, 75),
       (94, 76),
       (100, 76),
       (100, 77),
       (37, 78),
       (57, 79),
       (79, 79),
       (108, 79),
       (108, 80),
       (5, 81),
       (10, 81),
       (26, 81),
       (34, 81),
       (40, 81),
       (45, 81),
       (61, 81),
       (63, 81),
       (66, 81),
       (76, 81),
       (77, 81),
       (82, 81),
       (87, 81),
       (88, 81),
       (103, 81),
       (26, 82),
       (32, 84),
       (105, 85),
       (106, 85),
       (37, 89),
       (96, 89),
       (98, 90),
       (98, 91),
       (98, 92),
       (15, 95),
       (75, 97),
       (18, 99),
       (85, 99),
       (85, 100),
       (4, 101),
       (19, 101),
       (22, 101),
       (41, 101),
       (85, 101),
       (86, 101),
       (15, 102),
       (38, 102),
       (84, 102),
       (85, 102),
       (85, 103),
       (1011, 1106),
       (20, 104),
       (23, 104),
       (27, 104),
       (42, 104),
       (48, 104),
       (53, 104),
       (70, 104),
       (85, 104),
       (82, 105),
       (94, 105),
       (94, 106),
       (94, 107),
       (48, 108),
       (48, 109),
       (53, 109),
       (60, 109),
       (48, 110),
       (78, 110),
       (17, 111),
       (48, 111),
       (49, 112),
       (49, 113),
       (80, 113),
       (83, 113),
       (1011, 1107),
       (49, 114),
       (74, 114),
       (49, 115),
       (17, 116),
       (17, 117),
       (53, 117),
       (18, 118),
       (18, 119),
       (19, 120),
       (19, 121),
       (19, 122),
       (50, 122),
       (20, 123),
       (62, 47),
       (21, 124),
       (21, 124),
       (21, 125),
       (21, 125),
       (3, 126),
       (22, 126),
       (66, 126),
       (72, 126),
       (22, 127),
       (22, 128),
       (23, 129),
       (52, 129),
       (50, 130),
       (50, 131),
       (53, 131),
       (86, 131),
       (91, 131),
       (50, 132),
       (50, 133),
       (55, 133),
       (50, 134),
       (78, 134),
       (62, 69),
       (50, 135),
       (67, 142),
       (68, 142),
       (72, 142),
       (75, 142),
       (89, 142),
       (92, 142),
       (93, 142),
       (24, 155),
       (31, 155),
       (37, 155),
       (39, 155),
       (39, 155),
       (39, 155),
       (39, 155),
       (39, 155),
       (69, 155),
       (107, 155),
       (93, 159),
       (86, 161),
       (86, 162),
       (86, 163),
       (82, 164),
       (62, 102),
       (61, 165),
       (82, 165),
       (95, 165),
       (38, 166),
       (41, 166),
       (82, 166),
       (61, 167),
       (68, 167),
       (80, 167),
       (27, 168),
       (44, 168),
       (55, 168),
       (65, 168),
       (65, 169),
       (89, 170),
       (89, 171),
       (92, 172),
       (92, 173),
       (79, 174),
       (73, 175),
       (73, 176),
       (73, 177),
       (35, 178),
       (35, 179),
       (62, 129),
       (55, 181),
       (57, 181),
       (67, 181),
       (68, 181),
       (71, 181),
       (73, 181),
       (75, 181),
       (77, 181),
       (79, 181),
       (89, 181),
       (95, 181),
       (100, 181),
       (108, 181),
       (62, 185),
       (14, 181),
       (30, 181),
       (32, 181),
       (33, 181),
       (35, 181),
       (57, 182),
       (68, 182),
       (71, 182),
       (73, 182),
       (108, 182),
       (30, 182),
       (33, 182),
       (35, 182),
       (26, 183),
       (65, 184),
       (8, 184),
       (13, 184),
       (26, 184),
       (44, 184),
       (81, 185),
       (82, 185),
       (26, 185),
       (80, 186),
       (103, 186),
       (26, 186),
       (43, 186),
       (66, 187),
       (81, 187),
       (87, 187),
       (8, 187),
       (44, 187),
       (82, 188),
       (8, 188),
       (44, 188),
       (65, 189),
       (8, 189),
       (66, 190),
       (76, 190),
       (8, 190),
       (72, 191),
       (8, 191),
       (61, 192),
       (68, 192),
       (72, 192),
       (102, 192),
       (106, 192),
       (8, 192),
       (33, 192),
       (43, 192),
       (53, 193),
       (72, 193),
       (8, 193),
       (14, 193),
       (72, 194),
       (79, 194),
       (8, 194),
       (14, 194),
       (34, 194),
       (105, 198),
       (62, 199),
       (57, 199),
       (58, 199),
       (60, 199),
       (63, 199),
       (66, 199),
       (74, 199),
       (80, 199),
       (83, 199),
       (95, 199),
       (99, 199),
       (62, 204),
       (9, 199),
       (14, 199),
       (15, 199),
       (27, 199),
       (31, 199),
       (33, 199),
       (38, 199),
       (41, 199),
       (43, 199),
       (45, 199),
       (43, 200),
       (43, 201),
       (43, 202),
       (52, 203),
       (65, 203),
       (99, 203),
       (100, 203),
       (21, 203),
       (21, 203),
       (43, 203),
       (60, 204),
       (70, 204),
       (84, 204),
       (85, 204),
       (18, 204),
       (23, 204),
       (29, 204),
       (29, 205),
       (29, 206),
       (92, 206),
       (2, 206),
       (29, 207),
       (20, 208),
       (29, 208),
       (70, 208),
       (31, 209),
       (27, 210),
       (31, 210),
       (38, 210),
       (83, 210),
       (107, 210),
       (31, 211),
       (83, 211),
       (100, 211),
       (4, 212),
       (9, 212),
       (62, 238),
       (66, 212),
       (75, 212),
       (76, 212),
       (80, 212),
       (75, 213),
       (16, 218),
       (66, 219),
       (104, 219),
       (66, 227),
       (97, 227),
       (101, 227),
       (101, 227),
       (14, 229),
       (35, 229),
       (68, 229),
       (71, 229),
       (81, 230),
       (81, 231),
       (81, 232),
       (40, 233),
       (40, 234),
       (9, 237),
       (59, 237),
       (13, 238),
       (41, 238),
       (96, 238),
       (79, 242),
       (80, 242),
       (88, 242),
       (14, 243),
       (57, 243),
       (80, 243),
       (24, 244),
       (20, 245),
       (48, 245),
       (66, 245),
       (86, 245),
       (107, 245),
       (62, 255),
       (10, 245),
       (42, 247),
       (51, 247),
       (64, 247),
       (70, 247),
       (76, 247),
       (82, 247),
       (91, 247),
       (92, 247),
       (93, 247),
       (51, 248),
       (52, 249),
       (60, 249),
       (52, 250),
       (9, 251),
       (61, 251),
       (76, 251),
       (77, 251),
       (99, 251),
       (77, 252),
       (13, 255),
       (80, 255),
       (4, 256),
       (9, 256),
       (62, 284),
       (62, 293),
       (55, 258),
       (55, 259),
       (56, 260),
       (62, 320),
       (62, 344),
       (62, 347),
       (88, 263),
       (104, 264),
       (2, 267),
       (30, 267),
       (32, 267),
       (33, 267),
       (59, 267),
       (71, 267),
       (68, 268),
       (75, 268),
       (89, 268),
       (92, 268),
       (42, 271),
       (58, 271),
       (58, 272),
       (79, 272),
       (58, 273),
       (30, 274),
       (95, 278),
       (95, 279),
       (95, 282),
       (13, 284),
       (66, 284),
       (66, 285),
       (46, 286),
       (66, 286),
       (88, 286),
       (42, 287),
       (66, 287),
       (3, 288),
       (76, 289),
       (30, 293),
       (30, 294),
       (59, 294),
       (71, 294),
       (59, 295),
       (79, 296),
       (79, 297),
       (10, 301),
       (61, 301),
       (66, 301),
       (69, 301),
       (76, 301),
       (80, 301),
       (82, 301),
       (95, 301),
       (95, 301),
       (17, 303),
       (43, 303),
       (50, 303),
       (53, 303),
       (86, 303),
       (76, 308),
       (76, 309),
       (14, 310),
       (42, 310),
       (76, 310),
       (13, 311),
       (13, 312),
       (15, 315),
       (36, 315),
       (77, 315),
       (85, 315),
       (39, 316),
       (44, 317),
       (101, 317),
       (101, 317),
       (2, 320),
       (3, 320),
       (4, 320),
       (5, 320),
       (6, 320),
       (7, 320),
       (8, 320),
       (9, 320),
       (10, 320),
       (11, 320),
       (12, 320),
       (13, 320),
       (14, 320),
       (15, 320),
       (16, 320),
       (17, 320),
       (18, 320),
       (19, 320),
       (20, 320),
       (21, 320),
       (21, 320),
       (22, 320),
       (23, 320),
       (26, 320),
       (27, 320),
       (28, 320),
       (29, 320),
       (36, 320),
       (37, 320),
       (38, 320),
       (39, 320),
       (40, 320),
       (41, 320),
       (42, 320),
       (43, 320),
       (44, 320),
       (46, 320),
       (47, 320),
       (48, 320),
       (49, 320),
       (50, 320),
       (50, 320),
       (51, 320),
       (52, 320),
       (53, 320),
       (62, 350),
       (55, 320),
       (56, 320),
       (60, 320),
       (61, 320),
       (63, 320),
       (64, 320),
       (65, 320),
       (66, 320),
       (69, 320),
       (70, 320),
       (76, 320),
       (77, 320),
       (78, 320),
       (80, 320),
       (81, 320),
       (82, 320),
       (84, 320),
       (85, 320),
       (86, 320),
       (88, 320),
       (90, 320),
       (91, 320),
       (94, 320),
       (95, 320),
       (96, 320),
       (98, 320),
       (99, 320),
       (101, 320),
       (101, 320),
       (103, 320),
       (104, 320),
       (105, 320),
       (106, 320),
       (107, 320),
       (39, 321),
       (66, 321),
       (103, 321),
       (106, 321),
       (65, 322),
       (105, 322),
       (5, 323),
       (26, 323),
       (47, 323),
       (61, 323),
       (65, 323),
       (76, 323),
       (77, 323),
       (80, 323),
       (81, 323),
       (82, 323),
       (99, 323),
       (101, 323),
       (101, 323),
       (16, 324),
       (76, 324),
       (104, 324),
       (77, 325),
       (16, 327),
       (39, 327),
       (104, 327),
       (103, 328),
       (106, 328),
       (39, 330),
       (62, 360),
       (12, 334),
       (15, 334),
       (28, 334),
       (42, 334),
       (43, 334),
       (51, 334),
       (52, 334),
       (53, 334),
       (55, 334),
       (56, 334),
       (60, 334),
       (61, 334),
       (63, 334),
       (64, 334),
       (65, 334),
       (68, 334),
       (70, 334),
       (76, 334),
       (77, 334),
       (80, 334),
       (82, 334),
       (86, 334),
       (91, 334),
       (92, 334),
       (97, 334),
       (99, 334),
       (100, 334),
       (102, 334),
       (103, 334),
       (62, 460),
       (4, 335),
       (8, 335),
       (9, 335),
       (38, 335),
       (39, 335),
       (56, 335),
       (62, 461),
       (3, 336),
       (4, 336),
       (9, 336),
       (12, 336),
       (15, 336),
       (18, 336),
       (19, 336),
       (23, 336),
       (29, 336),
       (31, 336),
       (38, 336),
       (39, 336),
       (42, 336),
       (47, 336),
       (48, 336),
       (52, 336),
       (55, 336),
       (61, 336),
       (63, 336),
       (74, 336),
       (83, 336),
       (85, 336),
       (91, 336),
       (28, 337),
       (39, 337),
       (8, 338),
       (47, 338),
       (65, 338),
       (2, 340),
       (5, 340),
       (46, 340),
       (47, 340),
       (47, 341),
       (55, 341),
       (77, 341),
       (86, 341),
       (42, 342),
       (49, 342),
       (69, 342),
       (87, 342),
       (8, 343),
       (26, 343),
       (65, 343),
       (69, 343),
       (62, 462),
       (2, 344),
       (3, 344),
       (4, 344),
       (6, 344),
       (7, 344),
       (8, 344),
       (9, 344),
       (10, 344),
       (11, 344),
       (12, 344),
       (13, 344),
       (14, 344),
       (16, 344),
       (17, 344),
       (18, 344),
       (19, 344),
       (20, 344),
       (21, 344),
       (22, 344),
       (23, 344),
       (24, 344),
       (26, 344),
       (27, 344),
       (28, 344),
       (30, 344),
       (32, 344),
       (33, 344),
       (34, 344),
       (35, 344),
       (37, 344),
       (38, 344),
       (39, 344),
       (40, 344),
       (41, 344),
       (43, 344),
       (44, 344),
       (45, 344),
       (47, 344),
       (48, 344),
       (49, 344),
       (50, 344),
       (51, 344),
       (52, 344),
       (53, 344),
       (62, 463),
       (55, 344),
       (56, 344),
       (57, 344),
       (58, 344),
       (61, 344),
       (63, 344),
       (64, 344),
       (65, 344),
       (67, 344),
       (68, 344),
       (69, 344),
       (70, 344),
       (71, 344),
       (72, 344),
       (73, 344),
       (75, 344),
       (76, 344),
       (78, 344),
       (79, 344),
       (80, 344),
       (81, 344),
       (82, 344),
       (83, 344),
       (86, 344),
       (87, 344),
       (88, 344),
       (89, 344),
       (90, 344),
       (91, 344),
       (92, 344),
       (93, 344),
       (94, 344),
       (95, 344),
       (96, 344),
       (97, 344),
       (98, 344),
       (99, 344),
       (100, 344),
       (102, 344),
       (104, 344),
       (107, 344),
       (69, 345),
       (2, 346),
       (3, 346),
       (4, 346),
       (8, 346),
       (9, 346),
       (11, 346),
       (13, 346),
       (42, 346),
       (44, 346),
       (55, 346),
       (61, 346),
       (64, 346),
       (76, 346),
       (78, 346),
       (88, 346),
       (91, 346),
       (96, 346),
       (99, 346),
       (104, 346),
       (105, 346),
       (11, 347),
       (13, 347),
       (14, 347),
       (20, 347),
       (21, 347),
       (21, 347),
       (22, 347),
       (30, 347),
       (49, 347),
       (55, 347),
       (64, 347),
       (65, 347),
       (66, 347),
       (70, 347),
       (76, 347),
       (84, 347),
       (88, 347),
       (93, 347),
       (103, 347),
       (105, 347),
       (3, 348),
       (6, 348),
       (6, 348),
       (11, 348),
       (15, 348),
       (17, 348),
       (20, 348),
       (21, 348),
       (21, 348),
       (27, 348),
       (32, 348),
       (34, 348),
       (35, 348),
       (40, 348),
       (40, 348),
       (51, 348),
       (53, 348),
       (57, 348),
       (59, 348),
       (60, 348),
       (61, 348),
       (64, 348),
       (67, 348),
       (68, 348),
       (70, 348),
       (71, 348),
       (73, 348),
       (76, 348),
       (79, 348),
       (84, 348),
       (89, 348),
       (92, 348),
       (93, 348),
       (95, 348),
       (97, 348),
       (101, 348),
       (101, 348),
       (104, 348),
       (107, 348),
       (11, 349),
       (51, 349),
       (107, 349),
       (11, 350),
       (13, 350),
       (27, 350),
       (30, 350),
       (32, 350),
       (35, 350),
       (62, 464),
       (57, 350),
       (61, 350),
       (64, 350),
       (67, 350),
       (68, 350),
       (70, 350),
       (71, 350),
       (76, 350),
       (79, 350),
       (89, 350),
       (93, 350),
       (99, 350),
       (104, 350),
       (107, 350),
       (11, 351),
       (47, 351),
       (55, 351),
       (62, 465),
       (3, 352),
       (11, 352),
       (23, 352),
       (29, 352),
       (52, 352),
       (8, 353),
       (13, 353),
       (18, 353),
       (19, 353),
       (44, 353),
       (47, 353),
       (49, 353),
       (65, 353),
       (80, 353),
       (82, 353),
       (86, 353),
       (6, 354),
       (6, 354),
       (10, 354),
       (12, 354),
       (47, 354),
       (53, 354),
       (63, 354),
       (92, 354),
       (8, 355),
       (12, 355),
       (66, 355),
       (80, 355),
       (91, 355),
       (12, 356),
       (38, 356),
       (94, 356),
       (12, 357),
       (15, 357),
       (68, 357),
       (84, 357),
       (8, 358),
       (12, 358),
       (72, 358),
       (75, 358),
       (79, 358),
       (12, 359),
       (79, 359),
       (62, 353),
       (8, 360),
       (12, 360),
       (15, 360),
       (30, 360),
       (32, 360),
       (42, 360),
       (51, 360),
       (52, 360),
       (53, 360),
       (55, 360),
       (56, 360),
       (57, 360),
       (60, 360),
       (61, 360),
       (63, 360),
       (64, 360),
       (66, 360),
       (67, 360),
       (68, 360),
       (70, 360),
       (71, 360),
       (72, 360),
       (75, 360),
       (76, 360),
       (77, 360),
       (80, 360),
       (88, 360),
       (89, 360),
       (91, 360),
       (92, 360),
       (97, 360),
       (99, 360),
       (100, 360),
       (102, 360),
       (103, 360),
       (58, 361),
       (68, 361),
       (72, 361),
       (76, 361),
       (80, 361),
       (44, 363),
       (65, 363),
       (105, 363),
       (66, 364),
       (42, 368),
       (64, 368),
       (99, 368),
       (104, 395),
       (39, 396),
       (66, 396),
       (103, 396),
       (105, 396),
       (106, 396),
       (16, 397),
       (44, 397),
       (65, 397),
       (101, 397),
       (16, 399),
       (65, 399),
       (66, 400),
       (104, 400),
       (103, 401),
       (105, 401),
       (106, 401),
       (3, 406),
       (4, 406),
       (6, 406),
       (6, 406),
       (12, 406),
       (20, 406),
       (51, 406),
       (52, 406),
       (53, 406),
       (64, 406),
       (65, 406),
       (81, 406),
       (88, 406),
       (104, 406),
       (105, 406),
       (29, 415),
       (59, 415),
       (60, 415),
       (84, 415),
       (65, 416),
       (39, 419),
       (65, 419),
       (66, 419),
       (101, 419),
       (103, 419),
       (104, 419),
       (106, 419),
       (16, 422),
       (105, 422),
       (44, 425),
       (16, 426),
       (106, 426),
       (66, 427),
       (103, 427),
       (104, 427),
       (105, 427),
       (65, 428),
       (101, 428),
       (62, 218),
       (24, 432),
       (31, 432),
       (34, 432),
       (45, 432),
       (56, 432),
       (63, 432),
       (68, 432),
       (74, 432),
       (75, 432),
       (83, 432),
       (89, 432),
       (91, 432),
       (92, 432),
       (93, 432),
       (97, 432),
       (100, 432),
       (30, 433),
       (32, 433),
       (33, 433),
       (35, 433),
       (57, 433),
       (58, 433),
       (59, 433),
       (67, 433),
       (71, 433),
       (72, 433),
       (73, 433),
       (79, 433),
       (3, 434),
       (4, 434),
       (13, 434),
       (90, 434),
       (91, 434),
       (8, 435),
       (16, 435),
       (28, 435),
       (44, 435),
       (82, 435),
       (16, 436),
       (6, 437),
       (6, 437),
       (10, 437),
       (13, 437),
       (22, 437),
       (24, 437),
       (41, 453),
       (9, 454),
       (42, 455),
       (42, 456),
       (46, 456),
       (61, 457),
       (14, 458),
       (15, 459),
       (109, 460),
       (99, 464),
       (115, 465),
       (63, 466),
       (63, 467),
       (36, 468),
       (41, 472),
       (14, 473),
       (11, 437),
       (16, 437),
       (17, 437),
       (20, 437),
       (37, 437),
       (42, 437),
       (46, 437),
       (49, 437),
       (55, 437),
       (65, 437),
       (69, 437),
       (77, 437),
       (81, 437),
       (88, 437),
       (91, 437),
       (93, 437),
       (99, 437),
       (101, 437),
       (101, 437),
       (103, 437),
       (109, 437),
       (115, 437),
       (48, 438),
       (90, 438),
       (38, 439),
       (39, 439),
       (39, 440),
       (47, 441),
       (11, 442),
       (22, 442),
       (47, 443),
       (109, 443),
       (115, 443),
       (21, 444),
       (21, 444),
       (68, 444),
       (97, 444),
       (103, 444),
       (88, 446),
       (4, 447),
       (4, 448),
       (4, 449),
       (4, 450),
       (4, 451),
       (4, 452),
       (9, 452),
       (500, 500),
       (500, 501),
       (501, 502),
       (502, 503),
       (62, 363),
       (62, 419),
       (62, 344),
       (62, 322),
       (62, 396),
       (62, 426),
       (62, 400),
       (1012, 1115),
       (1012, 1116),
       (1013, 1124),
       (1013, 1125),
       (1014, 1134),
       (1014, 1135),
       (1015, 1143),
       (1015, 1144),
       (1016, 1152),
       (1016, 1153),
       (1017, 1162),
       (1017, 1163),
       (1018, 1171),
       (1018, 1172),
       (1000, 1007),
       (1000, 1008),
       (503, 218),
       (503, 353),
       (503, 363),
       (503, 322),
       (503, 344),
       (503, 396),
       (503, 419),
       (503, 426),
       (503, 401),
       (1001, 1016),
       (1001, 1017),
       (1002, 1025),
       (1002, 1026),
       (54, 19),
       (54, 21),
       (54, 110),
       (54, 123),
       (54, 165),
       (54, 181),
       (54, 199),
       (54, 212),
       (54, 218),
       (54, 350),
       (54, 353),
       (54, 363),
       (54, 256),
       (54, 257),
       (54, 320),
       (54, 344),
       (54, 396),
       (54, 400),
       (54, 419),
       (54, 426),
       (54, 322),
       (1003, 1034),
       (1003, 1035),
       (1, 37),
       (1, 55),
       (1, 104),
       (1, 114),
       (1, 135),
       (1, 181),
       (1, 199),
       (1, 245),
       (1, 352),
       (1, 360),
       (1, 261),
       (1, 262),
       (1, 263),
       (1, 334),
       (1, 335),
       (1, 336),
       (1, 344),
       (1, 432),
       (1004, 1043),
       (1004, 1044),
       (1005, 1052),
       (1005, 1053),
       (1006, 1061),
       (1006, 1062),
       (1007, 1070),
       (1007, 1071),
       (1008, 1079),
       (1008, 1080),
       (25, 15),
       (25, 16),
       (25, 19),
       (25, 20),
       (25, 47),
       (25, 48),
       (25, 81),
       (25, 227),
       (25, 228),
       (25, 301),
       (25, 320),
       (25, 344),
       (25, 348),
       (25, 350),
       (25, 437),
       (25, 426),
       (25, 396),
       (25, 218),
       (25, 400),
       (25, 363),
       (25, 419),
       (25, 322),
       (1019, 1180),
       (1019, 1181),
       (603, 353),
       (603, 218),
       (603, 363),
       (603, 419),
       (603, 344),
       (603, 322),
       (603, 396),
       (603, 426),
       (603, 399),
       (1020, 1189),
       (1020, 1190);

insert into public.list (list_id, created_on, user_id, list_types, list_layout_id, last_update, meal_plan_id,
                         is_starter_list, name)
values (500, '2021-04-11 11:46:31.681524', 500, 'BaseList', 1, null, null, false, 'list3'),
       (501, '2021-04-11 11:46:31.681524', 20, 'ActiveList', 11, null, null, false, 'list2'),
       (502, '2021-04-11 11:46:31.681524', 500, 'ActiveList', 11, null, null, false, 'list1'),
       (402, '2021-04-11 11:46:31.681524', 20, 'ActiveList', 11, null, null, false, 'list1');

insert into public.list_item (item_id, added_on, crossed_off, free_text, source, list_id, list_category, tag_id,
                              used_count, category_id, dish_sources, list_sources, removed_on, updated_on)
values (500, '2021-04-11 11:46:31.681524', null, null, null, 500, null, 501, 1, null, null, null, null, null),
       (501, '2021-04-11 11:46:31.681524', null, null, null, 500, null, 502, 1, null, null, null, null, null),
       (502, '2021-04-11 11:46:31.681524', null, null, null, 500, null, 503, 1, null, null, null, null, null),
       (503, '2021-04-11 11:46:31.681524', null, null, null, 500, null, 500, 1, null, null, null, null, null),
       (504, '2021-04-11 11:46:31.681524', null, null, null, 500, null, 504, 1, null, null, null, null, null),
       (505, '2021-04-11 11:46:31.681524', null, null, null, 501, null, 16, 1, null, '16;90', null, null, null),
       (506, '2021-04-11 11:46:31.681524', null, null, null, 501, null, 18, 1, null, '54;55', null, null, null),
       (507, '2021-04-11 11:46:31.681524', null, null, null, 501, null, 21, 1, null, '90', null, null, null),
       (508, '2021-04-11 11:46:31.681524', null, null, null, 501, null, 359, 1, null, '55;56', '501', null, null),
       (509, '2021-04-11 11:46:31.681524', null, null, null, 501, null, 470, 1, null, null, '402', null, null),
       (510, '2021-04-11 11:46:31.681524', null, null, null, 501, null, 210, 1, null, null, '402', null, null),
       (511, '2021-04-11 11:46:31.681524', null, null, null, 501, null, 211, 1, null, null, '402', null, null),
       (512, '2021-04-11 11:46:31.681524', null, null, null, 501, null, 113, 2, null, ';83;', null, null, null);

insert into public.list_stat_configs (added_dish_factor, added_single_factor, added_list_factor,
                                      added_starterlist_factor, removed_dish_factor, removed_single_factor,
                                      removed_list_factor, removed_starterlist_factor, frequent_threshold)
values (25, 25, 25, 25, 20, 40, 20, 20, 0.8);
insert into public.list_tag_stats (list_tag_stat_id, added_count, removed_count, tag_id, user_id, added_to_dish,
                                   added_single, added_dish, added_list, added_starterlist, removed_single,
                                   removed_dish, removed_list, removed_starterlist)
values (1, 1, 1, 1, 20, 0, 0, 0, 0, 0, 0, 0, 0, 0),
       (2, 3, 3, 12, 1, 0, 0, 0, 0, 0, 0, 0, 0, 0),
       (3, 42, 31, 13, 1, 0, 0, 0, 0, 0, 0, 0, 0, 0),
       (4, 47, 34, 15, 1, 0, 0, 0, 0, 0, 0, 0, 0, 0),
       (5, 64, 47, 16, 1, 0, 0, 0, 0, 0, 0, 0, 0, 0),
       (6, 3, 3, 17, 1, 0, 0, 0, 0, 0, 0, 0, 0, 0),
       (7, 8, 0, 18, 20, 0, 0, 0, 0, 0, 0, 0, 0, 0),
       (8, 48, 32, 19, 1, 0, 0, 0, 0, 0, 0, 0, 0, 0),
       (9, 6, 2, 20, 20, 0, 0, 0, 0, 0, 0, 0, 0, 0),
       (10, 37, 28, 20, 1, 0, 0, 0, 0, 0, 0, 0, 0, 0),
       (11, 11, 0, 21, 20, 0, 0, 0, 0, 0, 0, 0, 0, 0),
       (12, 3, 3, 21, 1, 0, 0, 0, 0, 0, 0, 0, 0, 0),
       (13, 2, 0, 22, 20, 0, 0, 0, 0, 0, 0, 0, 0, 0),
       (14, 3, 3, 22, 1, 0, 0, 0, 0, 0, 0, 0, 0, 0),
       (15, 46, 31, 23, 1, 0, 0, 0, 0, 0, 0, 0, 0, 0),
       (16, 42, 30, 25, 1, 0, 0, 0, 0, 0, 0, 0, 0, 0),
       (17, 16, 6, 25, 20, 0, 0, 0, 0, 0, 0, 0, 0, 0),
       (18, 39, 28, 26, 1, 0, 0, 0, 0, 0, 0, 0, 0, 0),
       (19, 1, 0, 27, 1, 0, 0, 0, 0, 0, 0, 0, 0, 0),
       (20, 1, 0, 27, 20, 0, 0, 0, 0, 0, 0, 0, 0, 0),
       (21, 1, 0, 28, 20, 0, 0, 0, 0, 0, 0, 0, 0, 0),
       (22, 39, 28, 28, 1, 0, 0, 0, 0, 0, 0, 0, 0, 0),
       (23, 2, 2, 29, 20, 0, 0, 0, 0, 0, 0, 0, 0, 0),
       (24, 41, 27, 29, 1, 0, 0, 0, 0, 0, 0, 0, 0, 0),
       (25, 1, 0, 31, 20, 0, 0, 0, 0, 0, 0, 0, 0, 0),
       (26, 1, 0, 31, 1, 0, 0, 0, 0, 0, 0, 0, 0, 0),
       (27, 10, 0, 32, 20, 0, 0, 0, 0, 0, 0, 0, 0, 0),
       (28, 42, 29, 32, 1, 0, 0, 0, 0, 0, 0, 0, 0, 0),
       (29, 26, 2, 65, 20, 0, 0, 0, 0, 0, 0, 0, 0, 0),
       (30, 56, 46, 66, 1, 0, 0, 0, 0, 0, 0, 0, 0, 0),
       (31, 63, 46, 67, 1, 0, 0, 0, 0, 0, 0, 0, 0, 0),
       (32, 63, 45, 68, 1, 0, 0, 0, 0, 0, 0, 0, 0, 0),
       (33, 2, 0, 76, 20, 0, 0, 0, 0, 0, 0, 0, 0, 0),
       (34, 40, 28, 76, 1, 0, 0, 0, 0, 0, 0, 0, 0, 0),
       (35, 39, 27, 77, 1, 0, 0, 0, 0, 0, 0, 0, 0, 0),
       (36, 1, 1, 77, 20, 0, 0, 0, 0, 0, 0, 0, 0, 0),
       (37, 4, 2, 78, 20, 0, 0, 0, 0, 0, 0, 0, 0, 0),
       (38, 39, 28, 78, 1, 0, 0, 0, 0, 0, 0, 0, 0, 0),
       (39, 4, 2, 79, 20, 0, 0, 0, 0, 0, 0, 0, 0, 0),
       (40, 2, 1, 79, 1, 0, 0, 0, 0, 0, 0, 0, 0, 0),
       (41, 2, 0, 80, 20, 0, 0, 0, 0, 0, 0, 0, 0, 0),
       (42, 2, 1, 80, 1, 0, 0, 0, 0, 0, 0, 0, 0, 0),
       (43, 64, 50, 81, 1, 0, 0, 0, 0, 0, 0, 0, 0, 0),
       (44, 27, 3, 81, 20, 0, 0, 0, 0, 0, 0, 0, 0, 0),
       (45, 1, 0, 82, 20, 0, 0, 0, 0, 0, 0, 0, 0, 0),
       (46, 2, 1, 82, 1, 0, 0, 0, 0, 0, 0, 0, 0, 0),
       (47, 1, 0, 84, 20, 0, 0, 0, 0, 0, 0, 0, 0, 0),
       (48, 2, 2, 85, 20, 0, 0, 0, 0, 0, 0, 0, 0, 0),
       (49, 4, 0, 89, 20, 0, 0, 0, 0, 0, 0, 0, 0, 0),
       (50, 39, 28, 89, 1, 0, 0, 0, 0, 0, 0, 0, 0, 0),
       (51, 6, 3, 90, 20, 0, 0, 0, 0, 0, 0, 0, 0, 0),
       (52, 39, 28, 90, 1, 0, 0, 0, 0, 0, 0, 0, 0, 0),
       (53, 6, 0, 91, 20, 0, 0, 0, 0, 0, 0, 0, 0, 0),
       (54, 39, 27, 91, 1, 0, 0, 0, 0, 0, 0, 0, 0, 0),
       (55, 6, 0, 92, 20, 0, 0, 0, 0, 0, 0, 0, 0, 0),
       (56, 39, 28, 92, 1, 0, 0, 0, 0, 0, 0, 0, 0, 0),
       (57, 0, 0, 93, 1, 0, 0, 0, 0, 0, 0, 0, 0, 0),
       (58, 0, 0, 94, 1, 0, 0, 0, 0, 0, 0, 0, 0, 0),
       (59, 24, 4, 95, 20, 0, 0, 0, 0, 0, 0, 0, 0, 0),
       (60, 63, 47, 95, 1, 0, 0, 0, 0, 0, 0, 0, 0, 0),
       (61, 26, 8, 96, 20, 0, 0, 0, 0, 0, 0, 0, 0, 0),
       (62, 63, 48, 96, 1, 0, 0, 0, 0, 0, 0, 0, 0, 0),
       (63, 1, 0, 97, 20, 0, 0, 0, 0, 0, 0, 0, 0, 0),
       (64, 63, 46, 97, 1, 0, 0, 0, 0, 0, 0, 0, 0, 0),
       (65, 63, 46, 98, 1, 0, 0, 0, 0, 0, 0, 0, 0, 0),
       (66, 25, 2, 98, 20, 0, 0, 0, 0, 0, 0, 0, 0, 0),
       (67, 1, 0, 99, 20, 0, 0, 0, 0, 0, 0, 0, 0, 0),
       (68, 2, 0, 99, 1, 0, 0, 0, 0, 0, 0, 0, 0, 0),
       (69, 1, 0, 100, 20, 0, 0, 0, 0, 0, 0, 0, 0, 0),
       (70, 5, 0, 101, 20, 0, 0, 0, 0, 0, 0, 0, 0, 0),
       (71, 3, 0, 102, 20, 0, 0, 0, 0, 0, 0, 0, 0, 0),
       (72, 1, 0, 102, 1, 0, 0, 0, 0, 0, 0, 0, 0, 0),
       (73, 1, 0, 103, 20, 0, 0, 0, 0, 0, 0, 0, 0, 0),
       (74, 4, 0, 104, 20, 0, 0, 0, 0, 0, 0, 0, 0, 0),
       (75, 2, 1, 105, 20, 0, 0, 0, 0, 0, 0, 0, 0, 0),
       (76, 2, 0, 105, 1, 0, 0, 0, 0, 0, 0, 0, 0, 0),
       (77, 1, 0, 3, 20, 0, 0, 0, 0, 0, 0, 0, 0, 0),
       (78, 10, 0, 23, 20, 0, 0, 0, 0, 0, 0, 0, 0, 0),
       (79, 10, 0, 33, 20, 0, 0, 0, 0, 0, 0, 0, 0, 0),
       (80, 41, 28, 33, 1, 0, 0, 0, 0, 0, 0, 0, 0, 0),
       (81, 22, 5, 34, 20, 0, 0, 0, 0, 0, 0, 0, 0, 0),
       (82, 63, 47, 34, 1, 0, 0, 0, 0, 0, 0, 0, 0, 0),
       (83, 5, 0, 36, 20, 0, 0, 0, 0, 0, 0, 0, 0, 0),
       (84, 1, 0, 37, 20, 0, 0, 0, 0, 0, 0, 0, 0, 0),
       (85, 2, 0, 38, 20, 0, 0, 0, 0, 0, 0, 0, 0, 0),
       (86, 1, 0, 40, 20, 0, 0, 0, 0, 0, 0, 0, 0, 0),
       (87, 4, 2, 41, 20, 0, 0, 0, 0, 0, 0, 0, 0, 0),
       (88, 2, 0, 42, 1, 0, 0, 0, 0, 0, 0, 0, 0, 0),
       (89, 20, 14, 42, 20, 0, 0, 0, 0, 0, 0, 0, 0, 0),
       (90, 2, 0, 106, 1, 0, 0, 0, 0, 0, 0, 0, 0, 0),
       (91, 1, 0, 106, 20, 0, 0, 0, 0, 0, 0, 0, 0, 0),
       (92, 1, 0, 107, 20, 0, 0, 0, 0, 0, 0, 0, 0, 0),
       (93, 1, 0, 107, 1, 0, 0, 0, 0, 0, 0, 0, 0, 0),
       (94, 3, 1, 110, 20, 0, 0, 0, 0, 0, 0, 0, 0, 0),
       (95, 5, 0, 113, 20, 0, 0, 0, 0, 0, 0, 0, 0, 0),
       (96, 1, 1, 114, 20, 0, 0, 0, 0, 0, 0, 0, 0, 0),
       (97, 2, 0, 118, 1, 0, 0, 0, 0, 0, 0, 0, 0, 0),
       (98, 2, 0, 119, 1, 0, 0, 0, 0, 0, 0, 0, 0, 0),
       (99, 2, 0, 122, 1, 0, 0, 0, 0, 0, 0, 0, 0, 0),
       (100, 5, 2, 123, 20, 0, 0, 0, 0, 0, 0, 0, 0, 0),
       (101, 3, 3, 126, 20, 0, 0, 0, 0, 0, 0, 0, 0, 0),
       (102, 2, 0, 130, 1, 0, 0, 0, 0, 0, 0, 0, 0, 0),
       (103, 2, 0, 131, 1, 0, 0, 0, 0, 0, 0, 0, 0, 0),
       (104, 6, 0, 131, 20, 0, 0, 0, 0, 0, 0, 0, 0, 0),
       (105, 2, 0, 132, 1, 0, 0, 0, 0, 0, 0, 0, 0, 0),
       (106, 2, 0, 133, 1, 0, 0, 0, 0, 0, 0, 0, 0, 0),
       (107, 2, 0, 134, 1, 0, 0, 0, 0, 0, 0, 0, 0, 0),
       (108, 2, 0, 134, 20, 0, 0, 0, 0, 0, 0, 0, 0, 0),
       (109, 2, 0, 135, 1, 0, 0, 0, 0, 0, 0, 0, 0, 0),
       (110, 24, 4, 138, 20, 0, 0, 0, 0, 0, 0, 0, 0, 0),
       (111, 25, 9, 139, 20, 0, 0, 0, 0, 0, 0, 0, 0, 0),
       (112, 22, 10, 140, 20, 0, 0, 0, 0, 0, 0, 0, 0, 0),
       (113, 4, 4, 141, 20, 0, 0, 0, 0, 0, 0, 0, 0, 0),
       (114, 1, 0, 159, 20, 0, 0, 0, 0, 0, 0, 0, 0, 0),
       (115, 3, 0, 161, 20, 0, 0, 0, 0, 0, 0, 0, 0, 0),
       (116, 3, 0, 162, 20, 0, 0, 0, 0, 0, 0, 0, 0, 0),
       (117, 5, 2, 163, 20, 0, 0, 0, 0, 0, 0, 0, 0, 0),
       (118, 1, 0, 164, 20, 0, 0, 0, 0, 0, 0, 0, 0, 0),
       (119, 2, 0, 164, 1, 0, 0, 0, 0, 0, 0, 0, 0, 0),
       (120, 3, 2, 165, 20, 0, 0, 0, 0, 0, 0, 0, 0, 0),
       (121, 2, 0, 165, 1, 0, 0, 0, 0, 0, 0, 0, 0, 0),
       (122, 3, 0, 166, 20, 0, 0, 0, 0, 0, 0, 0, 0, 0),
       (123, 2, 0, 166, 1, 0, 0, 0, 0, 0, 0, 0, 0, 0),
       (124, 5, 1, 167, 20, 0, 0, 0, 0, 0, 0, 0, 0, 0),
       (125, 6, 5, 168, 20, 0, 0, 0, 0, 0, 0, 0, 0, 0),
       (126, 1, 0, 168, 1, 0, 0, 0, 0, 0, 0, 0, 0, 0),
       (127, 2, 1, 169, 20, 0, 0, 0, 0, 0, 0, 0, 0, 0),
       (128, 1, 0, 169, 1, 0, 0, 0, 0, 0, 0, 0, 0, 0),
       (129, 1, 0, 170, 20, 0, 0, 0, 0, 0, 0, 0, 0, 0),
       (130, 1, 1, 171, 20, 0, 0, 0, 0, 0, 0, 0, 0, 0),
       (131, 1, 0, 172, 20, 0, 0, 0, 0, 0, 0, 0, 0, 0),
       (132, 1, 1, 173, 20, 0, 0, 0, 0, 0, 0, 0, 0, 0),
       (133, 2, 1, 174, 20, 0, 0, 0, 0, 0, 0, 0, 0, 0),
       (134, 2, 0, 175, 20, 0, 0, 0, 0, 0, 0, 0, 0, 0),
       (135, 2, 0, 176, 20, 0, 0, 0, 0, 0, 0, 0, 0, 0),
       (136, 2, 1, 177, 20, 0, 0, 0, 0, 0, 0, 0, 0, 0),
       (137, 1, 0, 183, 20, 0, 0, 0, 0, 0, 0, 0, 0, 0),
       (138, 2, 1, 183, 1, 0, 0, 0, 0, 0, 0, 0, 0, 0),
       (139, 4, 1, 184, 1, 0, 0, 0, 0, 0, 0, 0, 0, 0),
       (140, 7, 6, 184, 20, 0, 0, 0, 0, 0, 0, 0, 0, 0),
       (141, 7, 4, 185, 20, 0, 0, 0, 0, 0, 0, 0, 0, 0),
       (142, 5, 1, 185, 1, 0, 0, 0, 0, 0, 0, 0, 0, 0),
       (143, 6, 3, 186, 20, 0, 0, 0, 0, 0, 0, 0, 0, 0),
       (144, 2, 1, 186, 1, 0, 0, 0, 0, 0, 0, 0, 0, 0),
       (145, 2, 0, 187, 1, 0, 0, 0, 0, 0, 0, 0, 0, 0),
       (146, 11, 0, 187, 20, 0, 0, 0, 0, 0, 0, 0, 0, 0),
       (147, 4, 0, 188, 20, 0, 0, 0, 0, 0, 0, 0, 0, 0),
       (148, 3, 0, 188, 1, 0, 0, 0, 0, 0, 0, 0, 0, 0),
       (149, 2, 0, 189, 1, 0, 0, 0, 0, 0, 0, 0, 0, 0),
       (150, 2, 0, 189, 20, 0, 0, 0, 0, 0, 0, 0, 0, 0),
       (151, 2, 0, 190, 20, 0, 0, 0, 0, 0, 0, 0, 0, 0),
       (152, 2, 1, 191, 20, 0, 0, 0, 0, 0, 0, 0, 0, 0),
       (153, 8, 5, 192, 20, 0, 0, 0, 0, 0, 0, 0, 0, 0),
       (154, 5, 1, 192, 1, 0, 0, 0, 0, 0, 0, 0, 0, 0),
       (155, 1, 0, 193, 1, 0, 0, 0, 0, 0, 0, 0, 0, 0),
       (156, 2, 1, 193, 20, 0, 0, 0, 0, 0, 0, 0, 0, 0),
       (157, 1, 0, 194, 1, 0, 0, 0, 0, 0, 0, 0, 0, 0),
       (158, 5, 3, 194, 20, 0, 0, 0, 0, 0, 0, 0, 0, 0),
       (159, 2, 0, 198, 20, 0, 0, 0, 0, 0, 0, 0, 0, 0),
       (160, 1, 0, 200, 20, 0, 0, 0, 0, 0, 0, 0, 0, 0),
       (161, 2, 1, 200, 1, 0, 0, 0, 0, 0, 0, 0, 0, 0),
       (162, 1, 0, 201, 20, 0, 0, 0, 0, 0, 0, 0, 0, 0),
       (163, 2, 1, 201, 1, 0, 0, 0, 0, 0, 0, 0, 0, 0),
       (164, 1, 0, 202, 20, 0, 0, 0, 0, 0, 0, 0, 0, 0),
       (165, 2, 1, 202, 1, 0, 0, 0, 0, 0, 0, 0, 0, 0),
       (166, 4, 1, 203, 20, 0, 0, 0, 0, 0, 0, 0, 0, 0),
       (167, 43, 28, 203, 1, 0, 0, 0, 0, 0, 0, 0, 0, 0),
       (168, 3, 0, 205, 20, 0, 0, 0, 0, 0, 0, 0, 0, 0),
       (169, 2, 0, 206, 1, 0, 0, 0, 0, 0, 0, 0, 0, 0),
       (170, 3, 1, 206, 20, 0, 0, 0, 0, 0, 0, 0, 0, 0),
       (171, 3, 0, 207, 20, 0, 0, 0, 0, 0, 0, 0, 0, 0),
       (172, 3, 0, 208, 20, 0, 0, 0, 0, 0, 0, 0, 0, 0),
       (173, 3, 1, 209, 1, 0, 0, 0, 0, 0, 0, 0, 0, 0),
       (174, 1, 0, 209, 20, 0, 0, 0, 0, 0, 0, 0, 0, 0),
       (175, 7, 0, 210, 20, 0, 0, 0, 0, 0, 0, 0, 0, 0),
       (176, 3, 1, 210, 1, 0, 0, 0, 0, 0, 0, 0, 0, 0),
       (177, 42, 28, 211, 1, 0, 0, 0, 0, 0, 0, 0, 0, 0),
       (178, 6, 1, 211, 20, 0, 0, 0, 0, 0, 0, 0, 0, 0),
       (179, 10, 2, 212, 20, 0, 0, 0, 0, 0, 0, 0, 0, 0),
       (180, 1, 0, 213, 20, 0, 0, 0, 0, 0, 0, 0, 0, 0),
       (181, 23, 11, 214, 20, 0, 0, 0, 0, 0, 0, 0, 0, 0),
       (182, 3, 1, 217, 20, 0, 0, 0, 0, 0, 0, 0, 0, 0),
       (183, 22, 4, 220, 20, 0, 0, 0, 0, 0, 0, 0, 0, 0),
       (184, 63, 46, 220, 1, 0, 0, 0, 0, 0, 0, 0, 0, 0),
       (185, 25, 2, 221, 20, 0, 0, 0, 0, 0, 0, 0, 0, 0),
       (186, 63, 46, 221, 1, 0, 0, 0, 0, 0, 0, 0, 0, 0),
       (187, 20, 10, 222, 20, 0, 0, 0, 0, 0, 0, 0, 0, 0),
       (188, 63, 46, 222, 1, 0, 0, 0, 0, 0, 0, 0, 0, 0),
       (189, 22, 5, 223, 20, 0, 0, 0, 0, 0, 0, 0, 0, 0),
       (190, 63, 49, 223, 1, 0, 0, 0, 0, 0, 0, 0, 0, 0),
       (191, 22, 10, 224, 20, 0, 0, 0, 0, 0, 0, 0, 0, 0),
       (192, 63, 47, 224, 1, 0, 0, 0, 0, 0, 0, 0, 0, 0),
       (193, 23, 13, 225, 20, 0, 0, 0, 0, 0, 0, 0, 0, 0),
       (194, 63, 45, 225, 1, 0, 0, 0, 0, 0, 0, 0, 0, 0),
       (195, 23, 14, 226, 20, 0, 0, 0, 0, 0, 0, 0, 0, 0),
       (196, 63, 45, 226, 1, 0, 0, 0, 0, 0, 0, 0, 0, 0),
       (197, 13, 2, 227, 20, 0, 0, 0, 0, 0, 0, 0, 0, 0),
       (198, 35, 27, 227, 1, 0, 0, 0, 0, 0, 0, 0, 0, 0),
       (199, 35, 27, 228, 1, 0, 0, 0, 0, 0, 0, 0, 0, 0),
       (200, 5, 0, 228, 20, 0, 0, 0, 0, 0, 0, 0, 0, 0),
       (201, 3, 1, 229, 20, 0, 0, 0, 0, 0, 0, 0, 0, 0),
       (202, 4, 0, 230, 20, 0, 0, 0, 0, 0, 0, 0, 0, 0),
       (203, 4, 0, 231, 20, 0, 0, 0, 0, 0, 0, 0, 0, 0),
       (204, 4, 2, 232, 20, 0, 0, 0, 0, 0, 0, 0, 0, 0),
       (205, 2, 0, 233, 20, 0, 0, 0, 0, 0, 0, 0, 0, 0),
       (206, 2, 0, 234, 20, 0, 0, 0, 0, 0, 0, 0, 0, 0),
       (207, 20, 6, 236, 20, 0, 0, 0, 0, 0, 0, 0, 0, 0),
       (208, 2, 0, 237, 1, 0, 0, 0, 0, 0, 0, 0, 0, 0),
       (209, 5, 3, 237, 20, 0, 0, 0, 0, 0, 0, 0, 0, 0),
       (210, 5, 0, 238, 20, 0, 0, 0, 0, 0, 0, 0, 0, 0),
       (211, 8, 7, 242, 20, 0, 0, 0, 0, 0, 0, 0, 0, 0),
       (212, 4, 2, 243, 20, 0, 0, 0, 0, 0, 0, 0, 0, 0),
       (213, 18, 15, 244, 1, 0, 0, 0, 0, 0, 0, 0, 0, 0),
       (214, 5, 4, 244, 20, 0, 0, 0, 0, 0, 0, 0, 0, 0),
       (215, 42, 30, 245, 1, 0, 0, 0, 0, 0, 0, 0, 0, 0),
       (216, 10, 6, 245, 20, 0, 0, 0, 0, 0, 0, 0, 0, 0),
       (217, 2, 0, 247, 1, 0, 0, 0, 0, 0, 0, 0, 0, 0),
       (218, 8, 0, 247, 20, 0, 0, 0, 0, 0, 0, 0, 0, 0),
       (219, 1, 0, 250, 1, 0, 0, 0, 0, 0, 0, 0, 0, 0),
       (220, 3, 2, 251, 20, 0, 0, 0, 0, 0, 0, 0, 0, 0),
       (221, 2, 0, 251, 1, 0, 0, 0, 0, 0, 0, 0, 0, 0),
       (222, 1, 0, 252, 1, 0, 0, 0, 0, 0, 0, 0, 0, 0),
       (223, 1, 0, 252, 20, 0, 0, 0, 0, 0, 0, 0, 0, 0),
       (224, 25, 7, 253, 20, 0, 0, 0, 0, 0, 0, 0, 0, 0),
       (225, 20, 1, 254, 20, 0, 0, 0, 0, 0, 0, 0, 0, 0),
       (226, 63, 46, 254, 1, 0, 0, 0, 0, 0, 0, 0, 0, 0),
       (227, 7, 5, 255, 20, 0, 0, 0, 0, 0, 0, 0, 0, 0),
       (228, 3, 2, 256, 20, 0, 0, 0, 0, 0, 0, 0, 0, 0),
       (229, 2, 0, 263, 20, 0, 0, 0, 0, 0, 0, 0, 0, 0),
       (230, 5, 3, 264, 20, 0, 0, 0, 0, 0, 0, 0, 0, 0),
       (231, 1, 1, 265, 20, 0, 0, 0, 0, 0, 0, 0, 0, 0),
       (232, 21, 3, 269, 20, 0, 0, 0, 0, 0, 0, 0, 0, 0),
       (233, 21, 7, 270, 20, 0, 0, 0, 0, 0, 0, 0, 0, 0),
       (234, 1, 1, 271, 20, 0, 0, 0, 0, 0, 0, 0, 0, 0),
       (235, 2, 1, 272, 20, 0, 0, 0, 0, 0, 0, 0, 0, 0),
       (236, 2, 0, 274, 20, 0, 0, 0, 0, 0, 0, 0, 0, 0),
       (237, 1, 0, 277, 20, 0, 0, 0, 0, 0, 0, 0, 0, 0),
       (238, 1, 0, 278, 20, 0, 0, 0, 0, 0, 0, 0, 0, 0),
       (239, 1, 0, 279, 20, 0, 0, 0, 0, 0, 0, 0, 0, 0),
       (240, 1, 0, 281, 20, 0, 0, 0, 0, 0, 0, 0, 0, 0),
       (241, 1, 0, 282, 20, 0, 0, 0, 0, 0, 0, 0, 0, 0),
       (242, 5, 1, 284, 20, 0, 0, 0, 0, 0, 0, 0, 0, 0),
       (243, 1, 1, 285, 20, 0, 0, 0, 0, 0, 0, 0, 0, 0),
       (244, 4, 4, 286, 20, 0, 0, 0, 0, 0, 0, 0, 0, 0),
       (245, 2, 0, 287, 20, 0, 0, 0, 0, 0, 0, 0, 0, 0),
       (246, 1, 0, 289, 20, 0, 0, 0, 0, 0, 0, 0, 0, 0),
       (247, 2, 1, 293, 20, 0, 0, 0, 0, 0, 0, 0, 0, 0),
       (248, 2, 0, 294, 20, 0, 0, 0, 0, 0, 0, 0, 0, 0),
       (249, 2, 1, 296, 20, 0, 0, 0, 0, 0, 0, 0, 0, 0),
       (250, 2, 1, 297, 20, 0, 0, 0, 0, 0, 0, 0, 0, 0),
       (251, 1, 0, 308, 20, 0, 0, 0, 0, 0, 0, 0, 0, 0),
       (252, 1, 1, 309, 20, 0, 0, 0, 0, 0, 0, 0, 0, 0),
       (253, 2, 0, 310, 20, 0, 0, 0, 0, 0, 0, 0, 0, 0),
       (254, 3, 1, 311, 20, 0, 0, 0, 0, 0, 0, 0, 0, 0),
       (255, 3, 1, 312, 20, 0, 0, 0, 0, 0, 0, 0, 0, 0),
       (256, 3, 2, 318, 20, 0, 0, 0, 0, 0, 0, 0, 0, 0),
       (257, 20, 18, 334, 20, 0, 0, 0, 0, 0, 0, 0, 0, 0),
       (258, 48, 35, 334, 1, 0, 0, 0, 0, 0, 0, 0, 0, 0),
       (259, 3, 1, 335, 1, 0, 0, 0, 0, 0, 0, 0, 0, 0),
       (260, 7, 5, 335, 20, 0, 0, 0, 0, 0, 0, 0, 0, 0),
       (261, 15, 13, 336, 20, 0, 0, 0, 0, 0, 0, 0, 0, 0),
       (262, 9, 4, 336, 1, 0, 0, 0, 0, 0, 0, 0, 0, 0),
       (263, 10, 4, 337, 20, 0, 0, 0, 0, 0, 0, 0, 0, 0),
       (264, 6, 4, 337, 1, 0, 0, 0, 0, 0, 0, 0, 0, 0),
       (265, 2, 0, 338, 20, 0, 0, 0, 0, 0, 0, 0, 0, 0),
       (266, 6, 3, 338, 1, 0, 0, 0, 0, 0, 0, 0, 0, 0),
       (267, 1, 0, 340, 20, 0, 0, 0, 0, 0, 0, 0, 0, 0),
       (268, 43, 30, 340, 1, 0, 0, 0, 0, 0, 0, 0, 0, 0),
       (269, 5, 3, 341, 1, 0, 0, 0, 0, 0, 0, 0, 0, 0),
       (270, 5, 1, 342, 20, 0, 0, 0, 0, 0, 0, 0, 0, 0),
       (271, 6, 4, 343, 20, 0, 0, 0, 0, 0, 0, 0, 0, 0),
       (272, 8, 1, 343, 1, 0, 0, 0, 0, 0, 0, 0, 0, 0),
       (273, 6, 1, 345, 1, 0, 0, 0, 0, 0, 0, 0, 0, 0),
       (274, 3, 1, 345, 20, 0, 0, 0, 0, 0, 0, 0, 0, 0),
       (275, 12, 8, 347, 20, 0, 0, 0, 0, 0, 0, 0, 0, 0),
       (276, 5, 1, 347, 1, 0, 0, 0, 0, 0, 0, 0, 0, 0),
       (277, 20, 7, 348, 20, 0, 0, 0, 0, 0, 0, 0, 0, 0),
       (278, 42, 29, 348, 1, 0, 0, 0, 0, 0, 0, 0, 0, 0),
       (279, 1, 0, 349, 20, 0, 0, 0, 0, 0, 0, 0, 0, 0),
       (280, 2, 1, 349, 1, 0, 0, 0, 0, 0, 0, 0, 0, 0),
       (281, 17, 9, 350, 20, 0, 0, 0, 0, 0, 0, 0, 0, 0),
       (282, 38, 29, 350, 1, 0, 0, 0, 0, 0, 0, 0, 0, 0),
       (283, 6, 4, 351, 1, 0, 0, 0, 0, 0, 0, 0, 0, 0),
       (284, 2, 1, 352, 1, 0, 0, 0, 0, 0, 0, 0, 0, 0),
       (285, 2, 2, 352, 20, 0, 0, 0, 0, 0, 0, 0, 0, 0),
       (286, 7, 3, 353, 1, 0, 0, 0, 0, 0, 0, 0, 0, 0),
       (287, 13, 0, 353, 20, 0, 0, 0, 0, 0, 0, 0, 0, 0),
       (288, 1, 0, 354, 20, 0, 0, 0, 0, 0, 0, 0, 0, 0),
       (289, 45, 32, 354, 1, 0, 0, 0, 0, 0, 0, 0, 0, 0),
       (290, 3, 1, 355, 1, 0, 0, 0, 0, 0, 0, 0, 0, 0),
       (291, 9, 1, 355, 20, 0, 0, 0, 0, 0, 0, 0, 0, 0),
       (292, 2, 0, 356, 20, 0, 0, 0, 0, 0, 0, 0, 0, 0),
       (293, 3, 1, 356, 1, 0, 0, 0, 0, 0, 0, 0, 0, 0),
       (294, 2, 1, 357, 20, 0, 0, 0, 0, 0, 0, 0, 0, 0),
       (295, 3, 1, 357, 1, 0, 0, 0, 0, 0, 0, 0, 0, 0),
       (296, 3, 1, 358, 1, 0, 0, 0, 0, 0, 0, 0, 0, 0),
       (297, 4, 2, 358, 20, 0, 0, 0, 0, 0, 0, 0, 0, 0),
       (298, 2, 1, 359, 1, 0, 0, 0, 0, 0, 0, 0, 0, 0),
       (299, 2, 0, 359, 20, 0, 0, 0, 0, 0, 0, 0, 0, 0),
       (300, 43, 28, 360, 1, 0, 0, 0, 0, 0, 0, 0, 0, 0),
       (301, 23, 21, 360, 20, 0, 0, 0, 0, 0, 0, 0, 0, 0),
       (302, 8, 6, 361, 20, 0, 0, 0, 0, 0, 0, 0, 0, 0),
       (303, 2, 1, 361, 1, 0, 0, 0, 0, 0, 0, 0, 0, 0),
       (304, 1, 0, 368, 1, 0, 0, 0, 0, 0, 0, 0, 0, 0),
       (305, 2, 1, 368, 20, 0, 0, 0, 0, 0, 0, 0, 0, 0),
       (306, 12, 2, 406, 20, 0, 0, 0, 0, 0, 0, 0, 0, 0),
       (307, 42, 29, 406, 1, 0, 0, 0, 0, 0, 0, 0, 0, 0),
       (308, 8, 4, 434, 20, 0, 0, 0, 0, 0, 0, 0, 0, 0),
       (309, 3, 3, 434, 1, 0, 0, 0, 0, 0, 0, 0, 0, 0),
       (310, 7, 0, 435, 20, 0, 0, 0, 0, 0, 0, 0, 0, 0),
       (311, 8, 4, 435, 1, 0, 0, 0, 0, 0, 0, 0, 0, 0),
       (312, 2, 1, 436, 1, 0, 0, 0, 0, 0, 0, 0, 0, 0),
       (313, 1, 1, 436, 20, 0, 0, 0, 0, 0, 0, 0, 0, 0),
       (314, 60, 45, 437, 1, 0, 0, 0, 0, 0, 0, 0, 0, 0),
       (315, 21, 19, 437, 20, 0, 0, 0, 0, 0, 0, 0, 0, 0),
       (316, 2, 0, 438, 20, 0, 0, 0, 0, 0, 0, 0, 0, 0),
       (317, 3, 3, 438, 1, 0, 0, 0, 0, 0, 0, 0, 0, 0),
       (318, 2, 1, 439, 1, 0, 0, 0, 0, 0, 0, 0, 0, 0),
       (319, 7, 2, 439, 20, 0, 0, 0, 0, 0, 0, 0, 0, 0),
       (320, 6, 0, 440, 20, 0, 0, 0, 0, 0, 0, 0, 0, 0),
       (321, 2, 1, 440, 1, 0, 0, 0, 0, 0, 0, 0, 0, 0),
       (322, 4, 3, 441, 1, 0, 0, 0, 0, 0, 0, 0, 0, 0),
       (323, 2, 1, 442, 1, 0, 0, 0, 0, 0, 0, 0, 0, 0),
       (324, 4, 2, 443, 20, 0, 0, 0, 0, 0, 0, 0, 0, 0),
       (325, 4, 3, 443, 1, 0, 0, 0, 0, 0, 0, 0, 0, 0),
       (326, 7, 7, 444, 20, 0, 0, 0, 0, 0, 0, 0, 0, 0),
       (327, 2, 1, 446, 20, 0, 0, 0, 0, 0, 0, 0, 0, 0),
       (328, 1, 0, 453, 20, 0, 0, 0, 0, 0, 0, 0, 0, 0),
       (329, 1, 1, 455, 20, 0, 0, 0, 0, 0, 0, 0, 0, 0),
       (330, 2, 1, 456, 20, 0, 0, 0, 0, 0, 0, 0, 0, 0),
       (331, 3, 2, 460, 20, 0, 0, 0, 0, 0, 0, 0, 0, 0),
       (332, 1, 0, 464, 1, 0, 0, 0, 0, 0, 0, 0, 0, 0),
       (333, 3, 2, 468, 20, 0, 0, 0, 0, 0, 0, 0, 0, 0),
       (334, 6, 0, 470, 20, 0, 0, 0, 0, 0, 0, 0, 0, 0),
       (335, 1, 0, 472, 20, 0, 0, 0, 0, 0, 0, 0, 0, 0),
       (336, 26, 6, 44, 20, 0, 0, 0, 0, 0, 0, 0, 0, 0),
       (337, 63, 48, 44, 1, 0, 0, 0, 0, 0, 0, 0, 0, 0),
       (338, 7, 1, 45, 20, 0, 0, 0, 0, 0, 0, 0, 0, 0),
       (339, 63, 46, 45, 1, 0, 0, 0, 0, 0, 0, 0, 0, 0),
       (340, 3, 1, 46, 20, 0, 0, 0, 0, 0, 0, 0, 0, 0),
       (341, 3, 0, 46, 1, 0, 0, 0, 0, 0, 0, 0, 0, 0),
       (342, 12, 8, 47, 20, 0, 0, 0, 0, 0, 0, 0, 0, 0),
       (343, 35, 27, 47, 1, 0, 0, 0, 0, 0, 0, 0, 0, 0),
       (344, 5, 0, 48, 20, 0, 0, 0, 0, 0, 0, 0, 0, 0),
       (345, 35, 27, 48, 1, 0, 0, 0, 0, 0, 0, 0, 0, 0),
       (346, 4, 1, 49, 20, 0, 0, 0, 0, 0, 0, 0, 0, 0),
       (347, 39, 27, 49, 1, 0, 0, 0, 0, 0, 0, 0, 0, 0),
       (348, 8, 3, 50, 20, 0, 0, 0, 0, 0, 0, 0, 0, 0),
       (349, 39, 27, 50, 1, 0, 0, 0, 0, 0, 0, 0, 0, 0),
       (350, 2, 0, 12, 20, 0, 0, 0, 0, 0, 0, 0, 0, 0),
       (351, 8, 5, 13, 20, 0, 0, 0, 0, 0, 0, 0, 0, 0),
       (352, 19, 4, 15, 20, 0, 0, 0, 0, 0, 0, 0, 0, 0),
       (353, 23, 1, 16, 20, 0, 0, 0, 0, 0, 0, 0, 0, 0),
       (354, 2, 0, 17, 20, 0, 0, 0, 0, 0, 0, 0, 0, 0),
       (355, 2, 1, 18, 1, 0, 0, 0, 0, 0, 0, 0, 0, 0),
       (356, 20, 5, 19, 20, 0, 0, 0, 0, 0, 0, 0, 0, 0),
       (357, 39, 28, 51, 1, 0, 0, 0, 0, 0, 0, 0, 0, 0),
       (358, 39, 27, 52, 1, 0, 0, 0, 0, 0, 0, 0, 0, 0),
       (359, 39, 27, 53, 1, 0, 0, 0, 0, 0, 0, 0, 0, 0),
       (360, 1, 0, 54, 20, 0, 0, 0, 0, 0, 0, 0, 0, 0),
       (361, 2, 0, 55, 20, 0, 0, 0, 0, 0, 0, 0, 0, 0),
       (362, 4, 3, 57, 20, 0, 0, 0, 0, 0, 0, 0, 0, 0),
       (363, 2, 0, 57, 1, 0, 0, 0, 0, 0, 0, 0, 0, 0),
       (364, 1, 0, 58, 1, 0, 0, 0, 0, 0, 0, 0, 0, 0),
       (365, 5, 2, 58, 20, 0, 0, 0, 0, 0, 0, 0, 0, 0),
       (366, 1, 0, 59, 20, 0, 0, 0, 0, 0, 0, 0, 0, 0),
       (367, 2, 0, 61, 20, 0, 0, 0, 0, 0, 0, 0, 0, 0),
       (368, 1, 0, 61, 1, 0, 0, 0, 0, 0, 0, 0, 0, 0),
       (369, 6, 2, 62, 20, 0, 0, 0, 0, 0, 0, 0, 0, 0),
       (370, 63, 48, 65, 1, 0, 0, 0, 0, 0, 0, 0, 0, 0),
       (371, 25, 7, 66, 20, 0, 0, 0, 0, 0, 0, 0, 0, 0),
       (372, 26, 2, 67, 20, 0, 0, 0, 0, 0, 0, 0, 0, 0),
       (373, 25, 2, 68, 20, 0, 0, 0, 0, 0, 0, 0, 0, 0),
       (374, 14, 2, 69, 20, 0, 0, 0, 0, 0, 0, 0, 0, 0),
       (375, 1, 0, 69, 1, 0, 0, 0, 0, 0, 0, 0, 0, 0),
       (376, 1, 0, 70, 20, 0, 0, 0, 0, 0, 0, 0, 0, 0),
       (377, 4, 1, 71, 20, 0, 0, 0, 0, 0, 0, 0, 0, 0),
       (378, 3, 1, 72, 20, 0, 0, 0, 0, 0, 0, 0, 0, 0),
       (379, 1, 0, 73, 20, 0, 0, 0, 0, 0, 0, 0, 0, 0),
       (380, 6, 1, 74, 20, 0, 0, 0, 0, 0, 0, 0, 0, 0),
       (381, 1, 0, 74, 1, 0, 0, 0, 0, 0, 0, 0, 0, 0),
       (382, 6, 2, 75, 20, 0, 0, 0, 0, 0, 0, 0, 0, 0),
       (383, 39, 28, 75, 1, 0, 0, 0, 0, 0, 0, 0, 0, 0),
       (384, 2, 0, 178, 20, 0, 0, 0, 0, 0, 0, 0, 0, 0),
       (385, 2, 1, 179, 20, 0, 0, 0, 0, 0, 0, 0, 0, 0),
       (386, 8, 3, 181, 20, 0, 0, 0, 0, 0, 0, 0, 0, 0),
       (387, 42, 28, 181, 1, 0, 0, 0, 0, 0, 0, 0, 0, 0),
       (388, 5, 3, 182, 20, 0, 0, 0, 0, 0, 0, 0, 0, 0),
       (389, 2, 1, 182, 1, 0, 0, 0, 0, 0, 0, 0, 0, 0),
       (390, 1, 0, 190, 1, 0, 0, 0, 0, 0, 0, 0, 0, 0),
       (391, 1, 0, 191, 1, 0, 0, 0, 0, 0, 0, 0, 0, 0),
       (392, 1, 0, 307, 20, 0, 0, 0, 0, 0, 0, 0, 0, 0),
       (393, 4, 2, 341, 20, 0, 0, 0, 0, 0, 0, 0, 0, 0),
       (394, 1, 0, 465, 20, 0, 0, 0, 0, 0, 0, 0, 0, 0),
       (395, 7, 1, 342, 1, 0, 0, 0, 0, 0, 0, 0, 0, 0),
       (396, 20, 7, 147, 20, 0, 0, 0, 0, 0, 0, 0, 0, 0),
       (397, 19, 2, 151, 20, 0, 0, 0, 0, 0, 0, 0, 0, 0),
       (1000, null, null, 401, 500, 1, 0, 0, 0, 0, 0, 0, 0, 0),
       (1008, null, null, 346, 20, 1, 0, 0, 0, 0, 0, 0, 0, 0),
       (1001, null, null, 426, 20, 2, 0, 0, 0, 0, 0, 0, 0, 0),
       (1002, null, null, 396, 20, 2, 0, 0, 0, 0, 0, 0, 0, 0),
       (1003, null, null, 218, 20, 2, 0, 0, 0, 0, 0, 0, 0, 0),
       (1004, null, null, 400, 20, 2, 0, 0, 0, 0, 0, 0, 0, 0),
       (1005, null, null, 363, 20, 2, 0, 0, 0, 0, 0, 0, 0, 0),
       (1006, null, null, 419, 20, 2, 0, 0, 0, 0, 0, 0, 0, 0),
       (1007, null, null, 322, 20, 2, 0, 0, 0, 0, 0, 0, 0, 0),
       (1009, null, null, 399, 500, 1, 0, 0, 0, 0, 0, 0, 0, 0);
insert into public.meal_plan (meal_plan_id, created, meal_plan_type, name, user_id, target_id)
values (500, '2021-04-11 11:46:31.681524', 'Manual', 'meal plan 1', 500, null),
       (501, '2021-04-11 11:46:31.681524', 'Manual', 'meal plan 2', 500, null),
       (503, '2021-04-11 11:46:31.681524', 'Manual', 'meal plan 1', 20, null),
       (504, '2021-04-11 11:46:31.681524', 'Manual', 'meal plan 2', 20, null),
       (506, '2021-04-11 11:46:31.681524', 'Manual', 'meal plan 2', 20, null),
       (505, '2021-04-11 11:46:31.681524', 'Manual', 'meal plan 5', 500, null);
insert into public.meal_plan_slot (meal_plan_slot_id, dish_dish_id, meal_plan_id)
values (500, 500, 500),
       (501, 501, 500),
       (502, 502, 500),
       (503, 500, 501),
       (504, 501, 501),
       (505, 502, 501),
       (506, 500, 503),
       (507, 501, 503),
       (508, 502, 503),
       (509, 500, 504),
       (510, 501, 504),
       (511, 502, 504),
       (512, 503, 505),
       (513, 504, 505);
insert into public.proposal (proposal_id, user_id, is_refreshable, created)
values (500, 20, false, '2021-04-11 11:46:31.681524'),
       (501, 20, false, '2021-04-11 11:46:31.681524'),
       (502, 20, false, '2021-04-11 11:46:31.681524');

insert into public.proposal_context (proposal_context_id, proposal_id, current_attempt_index, current_approach_type,
                                     current_approach_index, meal_plan_id, target_id, target_hash_code,
                                     proposal_hash_code)
values (500, 500, null, 'WHEEL_MIXED', 0, null, 500, '-623001283', '0'),
       (502, 502, null, 'WHEEL_MIXED', 0, null, 501, null, null),
       (501, 501, null, 'WHEEL_MIXED', 0, null, 501, '-623001283', '0');

insert into public.proposal_approach (proposal_approach_id, proposal_context_id, approach_number, instructions)
values (500, 500, 0, '4;1;2;3'),
       (510, 501, 0, '4;1;3'),
       (511, 501, 1, '1;3;4'),
       (510, 501, 0, '4;1;3'),
       (511, 501, 1, '1;3;4');

insert into public.proposal_slot (slot_id, slot_number, flat_matched_tag_ids, proposal_id, picked_dish_id,
                                  slot_dish_tag_id)
values (500, 1, null, 500, null, 320),
       (501, 2, null, 500, 66, 320),
       (502, 3, null, 500, null, 320),
       (503, 4, null, 500, null, 320),
       (510, 1, null, 500, null, 320),
       (511, 2, null, 501, 66, 320),
       (512, 3, null, 501, null, 320),
       (513, 4, null, 501, null, 320),
       (620, 1, null, 502, 96, 320),
       (521, 2, null, 502, 66, 320),
       (522, 3, null, 502, 105, 320),
       (523, 4, null, 502, 115, 320);

insert into public.proposal_dish (dish_slot_id, slot_id, dish_id, matched_tag_ids)
values (500, 500, 96, '89'),
       (501, 500, 37, '89'),
       (502, 500, 5, '64'),
       (503, 500, 42, '64'),
       (504, 500, 39, '322'),
       (505, 501, 106, '322;64;321'),
       (507, 501, 16, '322;399;321'),
       (508, 501, 103, '322;64;321'),
       (509, 501, 76, '322;321'),
       (510, 502, 65, '322;399;406'),
       (511, 502, 105, '322;64;406'),
       (512, 502, 104, '322;406'),
       (513, 502, 64, '406'),
       (514, 502, 52, '406'),
       (515, 503, 115, '322;81'),
       (516, 503, 61, '81'),
       (517, 503, 63, '81'),
       (518, 503, 10, '81'),
       (519, 503, 77, '81'),
       (530, 510, 96, '89'),
       (531, 510, 37, '89'),
       (532, 510, 5, '64'),
       (533, 510, 42, '64'),
       (534, 510, 39, '322'),
       (535, 511, 106, '322;64;321'),
       (537, 511, 16, '322;399;321'),
       (538, 511, 103, '322;64;321'),
       (539, 511, 76, '322;321'),
       (540, 512, 65, '322;399;406'),
       (541, 512, 105, '322;64;406'),
       (542, 512, 104, '322;406'),
       (543, 512, 64, '406'),
       (544, 512, 52, '406'),
       (545, 513, 115, '322;81'),
       (546, 513, 61, '81'),
       (547, 513, 63, '81'),
       (548, 513, 10, '81'),
       (549, 513, 77, '81'),
       (631, 510, 37, '89'),
       (632, 510, 5, '64'),
       (633, 510, 42, '64'),
       (634, 510, 39, '322'),
       (635, 511, 106, '322;64;321'),
       (637, 521, 16, '322;399;321'),
       (638, 521, 103, '322;64;321'),
       (639, 521, 76, '322;321'),
       (641, 522, 65, '322;399;406'),
       (642, 522, 104, '322;406'),
       (643, 522, 64, '406'),
       (644, 522, 52, '406'),
       (646, 523, 61, '81'),
       (647, 523, 63, '81'),
       (648, 523, 10, '81'),
       (649, 523, 77, '81');

insert into public.tag_search_group (tag_search_group_id, group_id, member_id)
values (1, 160, 160),
       (2, 325, 325),
       (3, 326, 321),
       (4, 326, 322),
       (5, 326, 324),
       (6, 325, 326),
       (7, 326, 326),
       (8, 327, 327),
       (9, 328, 327),
       (10, 328, 328),
       (11, 329, 329),
       (12, 330, 330),
       (13, 332, 332),
       (14, 344, 2),
       (15, 344, 64),
       (16, 344, 344),
       (17, 315, 344),
       (18, 363, 327),
       (19, 363, 328),
       (20, 363, 363),
       (21, 364, 327),
       (22, 364, 328),
       (23, 364, 363),
       (24, 364, 364),
       (25, 365, 327),
       (26, 365, 328),
       (27, 365, 363),
       (28, 365, 364),
       (29, 365, 365),
       (30, 368, 115),
       (31, 368, 368),
       (32, 372, 90),
       (33, 372, 124),
       (34, 372, 251),
       (35, 372, 257),
       (36, 372, 258),
       (37, 372, 372),
       (38, 373, 38),
       (39, 373, 46),
       (40, 373, 373),
       (41, 374, 6),
       (42, 374, 115),
       (43, 374, 159),
       (44, 374, 368),
       (45, 374, 374),
       (46, 375, 28),
       (47, 375, 73),
       (48, 375, 162),
       (49, 375, 228),
       (50, 375, 233),
       (51, 375, 311),
       (52, 375, 375),
       (53, 376, 61),
       (54, 376, 91),
       (55, 376, 105),
       (56, 376, 117),
       (57, 376, 121),
       (58, 376, 134),
       (59, 376, 161),
       (60, 376, 201),
       (61, 376, 376),
       (62, 378, 18),
       (63, 378, 36),
       (64, 378, 37),
       (65, 378, 51),
       (66, 378, 68),
       (67, 378, 69),
       (68, 378, 71),
       (69, 378, 106),
       (70, 378, 122),
       (71, 378, 125),
       (72, 378, 131),
       (73, 378, 146),
       (74, 378, 170),
       (75, 378, 202),
       (76, 378, 203),
       (77, 378, 248),
       (78, 378, 250),
       (79, 378, 277),
       (80, 378, 279),
       (81, 378, 337),
       (82, 378, 345),
       (83, 378, 348),
       (84, 378, 378),
       (85, 381, 18),
       (86, 381, 36),
       (87, 381, 37),
       (88, 381, 51),
       (89, 381, 71),
       (90, 381, 122),
       (91, 381, 125),
       (92, 381, 131),
       (93, 381, 202),
       (94, 381, 248),
       (95, 381, 277),
       (96, 381, 279),
       (97, 381, 345),
       (98, 378, 381),
       (99, 381, 381),
       (100, 391, 391),
       (101, 395, 319),
       (102, 395, 395),
       (103, 396, 319),
       (104, 396, 395),
       (105, 396, 396),
       (106, 397, 319),
       (107, 397, 395),
       (108, 397, 396),
       (109, 397, 397),
       (110, 398, 319),
       (111, 398, 395),
       (112, 398, 396),
       (113, 398, 397),
       (114, 398, 398),
       (115, 399, 329),
       (116, 399, 399),
       (117, 400, 329),
       (118, 400, 399),
       (119, 400, 400),
       (120, 401, 329),
       (121, 401, 399),
       (122, 401, 400),
       (123, 401, 401),
       (124, 402, 329),
       (125, 402, 399),
       (126, 402, 400),
       (127, 402, 401),
       (128, 402, 402),
       (129, 404, 267),
       (130, 404, 268),
       (131, 404, 404),
       (132, 415, 2),
       (133, 415, 64),
       (134, 415, 315),
       (135, 415, 344),
       (136, 415, 415),
       (137, 416, 218),
       (138, 416, 219),
       (139, 416, 316),
       (140, 416, 317),
       (141, 416, 416),
       (142, 417, 300),
       (143, 417, 417),
       (144, 419, 300),
       (145, 419, 417),
       (146, 419, 419),
       (147, 421, 27),
       (148, 421, 269),
       (149, 421, 421),
       (150, 422, 300),
       (151, 422, 417),
       (152, 422, 419),
       (153, 422, 422),
       (154, 424, 300),
       (155, 424, 417),
       (156, 424, 419),
       (157, 424, 422),
       (158, 424, 424),
       (159, 425, 330),
       (160, 425, 425),
       (161, 426, 330),
       (162, 426, 425),
       (163, 426, 426),
       (164, 427, 330),
       (165, 427, 425),
       (166, 427, 426),
       (167, 427, 427),
       (168, 428, 330),
       (169, 428, 425),
       (170, 428, 426),
       (171, 428, 427),
       (172, 428, 428),
       (173, 368, 434),
       (174, 374, 434),
       (175, 372, 435),
       (176, 376, 436),
       (177, 368, 437),
       (178, 374, 437),
       (179, 376, 438),
       (180, 376, 439),
       (181, 375, 440),
       (182, 375, 441),
       (183, 375, 442),
       (184, 368, 443),
       (185, 374, 443),
       (186, 378, 444),
       (187, 14, 447),
       (188, 2, 2),
       (189, 7, 7),
       (190, 9, 9),
       (191, 14, 14),
       (192, 9, 30),
       (193, 14, 49),
       (194, 64, 2),
       (195, 64, 64),
       (196, 88, 31),
       (197, 88, 88),
       (198, 14, 123),
       (199, 218, 218),
       (200, 219, 218),
       (201, 219, 219),
       (202, 290, 290),
       (203, 291, 291),
       (204, 292, 292),
       (205, 300, 300),
       (206, 305, 305),
       (207, 306, 306),
       (208, 315, 2),
       (209, 315, 64),
       (210, 315, 315),
       (211, 218, 316),
       (212, 219, 316),
       (213, 316, 316),
       (214, 317, 316),
       (215, 218, 317),
       (216, 219, 317),
       (217, 317, 317),
       (218, 319, 319),
       (219, 321, 321),
       (220, 322, 321),
       (221, 322, 322),
       (222, 321, 324),
       (223, 322, 324),
       (224, 324, 324),
       (225, 325, 321),
       (226, 325, 322),
       (227, 325, 324),
       (228, 378, 453),
       (229, 381, 453),
       (230, 378, 462),
       (231, 376, 466),
       (232, 421, 472),
       (233, 375, 473);
insert into public.target (target_id, created, last_updated, last_used, target_name, target_tag_ids, user_id,
                           proposal_id, target, expires, target_type)
values (500, '2018-05-21 11:15:22.451000', null, null, 'testing', '64;322;399', 20, null, 'TargetEntity', null,
        'Standard'),
       (501, '2018-05-21 11:15:22.451000', null, null, 'testing', '64;322;399', 20, null, 'TargetEntity', null,
        'Standard'),
       (502, '2018-05-21 11:15:22.451000', null, null, 'testing', '64;322;399', 500, null, 'TargetEntity', null,
        'Standard'),
       (503, '2018-05-21 11:15:22.451000', null, null, 'testing', '64;322;399', 500, null, 'TargetEntity',
        '2018-05-21 12:15:22.451000', 'Standard');
insert into public.target_slot (target_slot_id, slot_dish_tag_id, slot_order, target_id, target_tag_ids, target)
values (500, 320, 1, 500, '406', 'TargetSlotEntity'),
       (501, 320, 2, 500, '321', 'TargetSlotEntity'),
       (502, 320, 3, 500, '81', 'TargetSlotEntity'),
       (503, 320, 4, 500, '89', 'TargetSlotEntity'),
       (504, 320, 1, 501, '406', 'TargetSlotEntity'),
       (505, 320, 2, 501, '321', 'TargetSlotEntity'),
       (506, 320, 3, 501, '81', 'TargetSlotEntity'),
       (507, 320, 4, 501, '89', 'TargetSlotEntity'),
       (508, 320, 1, 502, '406;301', 'TargetSlotEntity'),
       (509, 320, 1, 502, '329;301', 'TargetSlotEntity'),
       (510, 320, 1, 502, '81;301', 'TargetSlotEntity'),
       (511, 320, 1, 502, '89;301', 'TargetSlotEntity'),
       (512, 320, 1, 503, '406;301', 'TargetSlotEntity'),
       (513, 320, 1, 503, '329;301', 'TargetSlotEntity'),
       (514, 320, 1, 503, '81;301', 'TargetSlotEntity'),
       (515, 320, 1, 503, '89;301', 'TargetSlotEntity');
